ID,Title,Location,Salary,Summary
https://kr.indeed.com/viewjob?jk=52a593e64d404756,Mid-Market Sales Engineer,DataDog 대한민국,,"technologies Programming experience. Extra points for Java, Python, Ruby, Go, Node.JS, PHP... NET Experience in systems..."
https://kr.indeed.com/viewjob?jk=2695294aea6dc3b6,MongoDB Engineer,카카오 4.2 성남 판교역,,수 있는 분 Linux/Network에 대한 기초 지식이 있는 분 우대 사항 C/C++ 또는 Python 언어를 이용한 프로그램 개발(프로젝트) 경험이 있는 분 MongoDB 트러블 슈팅 경험이 있는 분 MongoDB...
https://kr.indeed.com/viewjob?jk=0f7993638aee82bd,Machine Learning Researcher (Intern),Qualcomm Korea YH 서울,,"Adversarial attacks, examples Minimum Qualifications • Python Programming • Deep learning with hands-on experience of deep..."
https://kr.indeed.com/viewjob?jk=7290c535be43938a,[TGD] Data Scientist 모집,엔씨소프트 2.8 성남 판교역,,"자격 학력 : 석사 이상 경력기간 : 5년 ~ 10년 필수조건 DB 성능까지 고려한 SQL 프로그래밍 가능자 Python을 이용한 데이터 분석 3년 이상 경력자 (SAS, SPSS 등 통계툴만 사용 가능한 경우 제외) 대용량..."
https://kr.indeed.com/viewjob?jk=530a598184580c95,데스크탑 가상화(VDI) 엔지니어,카카오 4.2 성남 판교역,,"기본적 이해 리눅스 시스템에 대한 기본적 이해 우대사항 시스템 엔지니어 경력자 Powershell, Python, Shell 스크립트를 이용한 인프라 관리 자동화 경험자 부드러운 커뮤니케이션, 친절한 마인드의 소유자..."
https://kr.indeed.com/viewjob?jk=5522b833067096a2,"[Search] 파파고 머신러닝(자연어처리, 컴퓨터비전) 엔지니어 (신입...",네이버 서울,,"이해가 깊은 분 (ex: TensorFlow, PyTorch) · Python, C++ 등의 프로그래밍 언어를 1개 이상 자유자재로 다루고 Linux... 찾고, 해결할 수 있는 분 · Python 등의 프로그래밍 언어를 1 개..."
https://kr.indeed.com/viewjob?jk=2bf26529770cdc22,"Analog Design Engr, Sr II",Synopsys 경기도 성남,,"control/data-capture. •Experience with TCL, Perl, C, Python, MATLAB. Inclusion and Diversity are important to us. Synopsys..."
https://kr.indeed.com/viewjob?jk=8becbf73bbda7c96,2019 Military Service Exemption Position...,울산과학기술원 울산 언양읍,,"least one programming language... Fortran, C/C++, Python, …; Experience... managing high performance computational..."
https://kr.indeed.com/viewjob?jk=0b03d57e900ac140,Security Engineer (모의해킹),Toss 서울 강남구,,"분 - INTEL/ARM 아키텍처 바이너리 분석 가능한 분 - 코드리뷰를 통한 보안 진단 능숙한 분 - Python, C, C++, C#, JAVA 중 프로그래밍 언어에 능숙한 분 # 우대 사항 - 버그바운트 경험이 있는 분..."
https://kr.indeed.com/viewjob?jk=fd021562f5b75103,데이터분석팀 데이터분석가,넥스트플로어 서울 서초구,,"보고서 작성이 가능하신 분 [우대사항] • 게임 업계 혹은 다른 업계의 데이터 분석 실무 경험 • R 혹은 Python을 이용한 데이터분석 능력 • 수학, 통계학, 데이터마이닝, 머신러닝 등 분석 관련 학위 보유자 • 게임..."
https://kr.indeed.com/viewjob?jk=2d83dcf8baac736b,Technical Solutions Engineer,MightyHive 서울,,"Python and R Machine Learning, Tensor Flow Data Visualization Data Engineering, ETL Technology Used Node.js, Python, Flask..."
https://kr.indeed.com/viewjob?jk=92c9f1c653f810e5,[정규직] ML/DL 개발자 경력/신입,에스지에이솔루션즈 서울 송파구,,"상세 이력서 등록하기 지원양식 커리어 온라인 이력서 직무/산업 직무별(직종) 인공지능(AI).빅데이터인공지능(AI), 머신러닝, Python, TensorFlow 산업별(업종) 솔루션.ASP.소프트웨어 소프트웨어개발, 솔루션"
https://kr.indeed.com/viewjob?jk=b3bde1882ae8a1d8,[서울/수원/천안] IT 분야 취업 연계 훈련생,휴먼교육센터 천안 동남구,,통신·모바일·게임>빅데이터·AI(인공지능)>데이터분석|인터넷·IT·통신·모바일·게임>빅데이터·AI(인공지능)> Python|인터넷·IT·통신·모바일·게임>빅데이터·AI(인공지능)>머신러닝|인터넷·IT·통신·모바일·게임>빅데이터...
https://kr.indeed.com/viewjob?jk=61ecdc0ef3cfb66a,[경력] 빅데이터 플랫폼 엔지니어,카카오 4.2 성남 판교역,,"원자격 <기술> 전산 전공 또는 그에 준하는 실무 경험을 갖추신 분 Java 필수, 그 외 Scala, Python, Ruby 중 1개 이상 언어로 개발 가능하신 분 하둡 플랫폼에 대한 기본 지식을 갖추신 분 하둡 클러스..."
https://kr.indeed.com/viewjob?jk=df4340b7b440221b,R&D 인공지능/딥러닝 / UNITY 신입,스칼라웍스 서울 금천구,,"2) 전산 이론 기초 (Data Structure, Algorithm)를 이해하고 기본적인 코딩 가능한 인재 3) Python Application 관련 개발 업무 (코딩 또는 문제해결) 수행 가능한 인재 4) Machine..."
https://kr.indeed.com/viewjob?jk=20f85dad5263265e,2020년 충청권 인공지능 교육 프로그램 교육생,충북과학기술혁신원 청주 서원구,,게임>빅데이터·AI(인공지능)> Python|인터넷·IT·통신·모바일·게임... 로그래머>증강현실(AR)|인터넷·IT·통신·모바일·게임>응용프로그래머> Python|인터넷·IT·통신·모바일·게임>응용프로그래머>인공지능(AI)|인터넷...
https://kr.indeed.com/viewjob?jk=81538d5eb86c2bff,(Clova) 음성 합성 기술 개발 신입/경력사원 모집,NAVER 3.9 성남 정자동,,"보유자 우대 - 최신 딥러닝 및 기계학습 모델링 기법을 활용한 서비스 개발 경험자 우대 - C/C++, Python 등 개발 숙련자 우대 채용하고 싶은 사람 - 여러 사람들과 즐겁게 협업할 수 있는 분 - 특정 방법..."
https://kr.indeed.com/viewjob?jk=a055441b10d7dea6,[Cloud/Infra] 경력 개발자 공개,십일번가 서울 중구,,"스택은 Python, Vue.js, Redis, Influxdb, MySQL 등 - 로그/메트릭 수집 및 시각화, Time Series 데이터 기반의 Anomaly Detection 등 2. 자격 요건 - Python 또는..."
https://kr.indeed.com/viewjob?jk=c09c2d66f9c8943e,[골프존뉴딘그룹] 2020년 연계형 인턴십 [정보보안],골프존뉴딘 서울 강남구,,통신·모바일·게임>웹프로그래머> Python|인터넷·IT·통신·모바일·게임>응용프로그래머> Python|인터넷·IT·통신·모바일·게임>응용프로그래머>Linux|인터넷·IT·통신·모바일·게임>빅데이터·AI(인공지능)> Python
https://kr.indeed.com/viewjob?jk=41fbae1f0736eca8,일본 소프트웨어 엔지니어 연수과정 3기 (K-MOVE 해외취업),JMP KOREA 서울,,게임>빅데이터·AI(인공지능)> Python|인터넷·IT·통신·모바일·게임... 웹프로그래머> Python|인터넷·IT·통신·모바일·게임>응용프로그래머>증강현실(AR)|인터넷·IT·통신·모바일·게임>응용프로그래머> Python|인터넷...
https://kr.indeed.com/viewjob?jk=dea246efe3aa55a7,[AI검색플랫폼] 머신러닝 개발자,카카오엔터프라이즈 성남 분당구,,분 (Java/ Python 선호) ・ (우대) 머신러닝 관련 업무 유경험자 ・ (우대) NMT 관련 업무 유경험자 ✔ 지식그래프 품질 및 관련 연구 ・ (필수) 하나 이상의 능숙한 프로그래밍 언어가 있으신 분 ( Python...
https://kr.indeed.com/viewjob?jk=d1e75364ef505c68,"데이터 가치 함께 발굴하실 머신러닝, 통계 모델링 전문가",카카오 4.2 성남 판교역,,해당 기술에 자신감이 있으신 분도 환영합니다. 지원자격 머신 러닝/통계 등 모델링에 활용하는 언어( Python/Scala/R 등) 및 도구(Tensor flow/Pytorch 등)를 하나 이상 능숙하게 다룰 수 있으신...
https://kr.indeed.com/viewjob?jk=dea33f0db5160c11,[TmaxAI/R&D] AI본부 R&D 개발 연구원 신입/경력 (병역특례...,티맥스소프트 서울,,"석사 이상 학위 소지자만 가능 (현 전문연구요원 근무자 전직 가능) 우대사항 R&D 연구경력 개발자 우대 - Python 프로그래밍 유경험자 우대 - 머신러닝, 딥러닝 연구경력 (PyTorch, Tensorflow) 우대..."
https://kr.indeed.com/viewjob?jk=c388192aa3ac0634,Staff AE,Synopsys 서울,,"enhancement of advanced technology rule decks using TCL, Python or Perl. Key Qualification The person should have minimum 12..."
https://kr.indeed.com/viewjob?jk=8a5c305f2e5018ed,데이터 인프라 담당자 (경력),카카오 4.2 성남 판교역,,"인프라/DB/Hadoop 에 관심이 있으신 분 하둡 기반 대용량 데이터 환경 경험이 있으신 분 Java, python, go, bash 등 스크립팅 언어 중 하나 이상 활용 가능하신 분 데이터 분석가와 협업 경험이 있으신 분..."
https://kr.indeed.com/viewjob?jk=b35da47f5e84c9b4,콘텐츠서비스개발팀 - 데이터분석가,Nexon 성남 분당구,,"적인 문제 해결 및 커뮤니케이션 능력 - 새로운 기술 습득에 능동적이고 거부감이 없는 분 우대사항 - Python , Scala 을 이용한 데이터분석 능력 - SQL 기본 활용 능력 - 통계 및 분석에 대한 이론 지식..."
https://kr.indeed.com/viewjob?jk=9cf16f530cb5e00c,자연어처리 기술 개발자,NHN 4.3 성남 판교역,,"딥러닝 기반 기계번역 - 텍스트 분류 엔진 개발 - 자연어처리 및 유사 전공 대학원 졸업자 - Python, C/ C++, Java 등 프로그래밍 언어에 하나 이상 능숙하신 분 - Unix/Linux 기반 개발..."
https://kr.indeed.com/viewjob?jk=3faad1cd7ea60ffd,"JAVA, Python 외 신입/경력 정규직, 계약직",여니 경기도 의왕,,"(주)여니 JAVA, Python 외 신입/경력 정규직, 계약직 채용 모집부문 및 자격요건 담당업무 자격요건 인원 [담당업무] java 및 python 을 이용... API를 이용한 프로젝트 경험, Python, PostgreSQL [우대사..."
https://kr.indeed.com/viewjob?jk=58047cbc4fa71e31,데이터 분석 전문가 모집,엔씨소프트 2.8 성남 판교역,,"년 필수조건 1. 필요 지식/ 기술 - 데이터 분석 업무를 수행할 수 있는 하나 이상의 언어 스킬 (R, Python) - SQL 을 사용한 데이터 추출 및 활용 기술 - 통계 이론 및 머신러닝 방법론에 기반한 분석 및 예측..."
https://kr.indeed.com/viewjob?jk=19b44e0d17d112e2,분석실 - 베이지안 분석 전문가,Nexon 성남 분당구,,"동으로부터 피드백을 받아 최적화 모델을 개선합니다. - 주요 활용 tool : SQL, zeppelin, python, tableau 지원자격 - (필수) 논리적이고 체계적인 문제 해결 및 커뮤니케이션 능력을 소유하신 분..."
https://kr.indeed.com/viewjob?jk=153b61bfd2b5f9d1,Software Engineer Intern,Intel 4.1 서울,,"environment Preferred Qualifications - Programming skills with Python - Understanding of operating systems, system software..."
https://kr.indeed.com/viewjob?jk=eeb9fe1c361f0758,정보보안 담당자,Nexon 성남 분당구,,보안 이벤트 분석 또는 상관관계 이벤트 분석 능력 보유 - OS 및 네트워크 관련 기초 지식 보유 - python 등의 간단한 스크립트 작성 능력보유 - 타인과의 원활한 커뮤니케이션 자세 - 새로운 기술에 대한 적극적...
https://kr.indeed.com/viewjob?jk=d2df92c32bd4a203,Software Engineer,Google 4.3 서울,,"languages including... limited to: C++, Java, C and Python. Experience in a wide variety of projects utilizing natural..."
https://kr.indeed.com/viewjob?jk=4233609a843b5e96,분석지원팀 - 데이터 분석가,Nexon 성남 분당구,,및 커뮤니케이션 능력 - (필수) 새로운 기술 습득에 능동적이고 거부감이 없는 분 - (선택) R 혹은 Python을 이용한 데이터분석 능력 - (선택) SQL 기본 활용 능력 - (선택) 통계 및 분석에 대한 이론...
https://kr.indeed.com/viewjob?jk=be6c1f03fa566f8e,추천 시스템 연구/개발,카카오 4.2 성남 판교역,,"지원자격 개발 경력 3년 이상 적어도 하나 이상의 능숙한 프로그래밍 언어가 있으신 분 우대사항 Python, C++, GPU 프로그래밍 숙련자 TensorFlow, PyTorch, implicit 등 머신러닝/추천..."
https://kr.indeed.com/viewjob?jk=e30f23f4f814b717,보험 신규사업 비즈니스 분야 담당자 영입,카카오페이 성남 분당구,,"술적 지식과 설계, 구축, 운영 등 역량을 보유하신 분 - 개발언어(Shell script, JAVA, Python 등)에 대한 이해 및 코드리뷰와 관련한 역량을 보유하신 분 - ISMS-P, PCI-DSS, ISO27001..."
https://kr.indeed.com/viewjob?jk=92bd400e3b5306ba,[Clova] Clova AI 인재,네이버 서울,,"산시스템 등 CS 핵심 전공 지식 관련한 수준 높은 이해 Git을 능숙하게 사용 백엔드 서버 구현 역량 ( Python, Golang, Java Spring, node.js 등) Mobile App 개발 Objective..."
https://kr.indeed.com/viewjob?jk=7af6301dc691d3ab,Data Scientist,Toss 서울 강남구,,"실무 경험 5년 이상 갖추신 분 - 실제 서비스 데이터를 이용한 분석모델 개발 경험이 있으신 분 - R, Python, Scala, SQL 등 데이터 분석의 업무를 수행할 수 있는 하나 이상의 개발 언어에 능숙하신 분 #..."
https://kr.indeed.com/viewjob?jk=09682af104f3eaac,2020년도 국비기술교육생,대한상공회의소 광주인력개발원 광주 광산구,,통신·모바일·게임>빅데이터·AI(인공지능)>머신러닝|인터넷·IT·통신·모바일·게임>빅데이터·AI(인공지능)> Python|인터넷·IT·통신·모바일·게임>빅데이터·AI(인공지능)>하둡(Hadoop)|인터넷·IT·통신·모바일·게임...
https://kr.indeed.com/viewjob?jk=ea3b136c0ff59524,데이터분석가(게임어뷰징 탐지),Nexon 성남 분당구,,"시스템 운영 등의 빅데이터 활용 업무경력) - 논리적이고 체계적인 문제 해결 및 커뮤니케이션 능력 - Python, Scala 등과 같은 프로그래밍언어로 데이터 분석 및 모델링 능력 (탐색적 데이터분석/ 데이터 전처리..."
https://kr.indeed.com/viewjob?jk=0b020b7dde41a326,Deep Learning Engineer Intern,Intel 4.1 서울,,optimization strategies Programming skills with Python/C++ Experience working with one or more deep learning frameworks...
https://kr.indeed.com/viewjob?jk=c09983262582358d,연구원,국립암센터 4.5 고양 정발산역,"월급 2,200,000원 - 2,500,000원","데이터 분석 유경험자) 또는 학사 (의료영상 데이터 분석/처리 연구경험자) * 프로그래밍 가능자 (R, Python, MATLAB 등) Salary: 3천-4천만원 (석사: 250만원, 학사: 220만원 기준) 연봉은..."
https://kr.indeed.com/viewjob?jk=07375dc4e800dfa9,추천 시스템 소프트웨어 엔지니어,카카오 4.2 성남 판교역,,"관련 업무 경험자 우대사항 운영체제, 네트워크, 컴파일러, 데이터베이스에 대한 이해가 깊으신 분 Python, C++, GPU 프로그래밍 숙련자 대용량/실시간 서비스 개발/운영 경험이 많으신 분 ICPC/TopCoder..."
https://kr.indeed.com/viewjob?jk=c78a3c5d7bb7d883,데브옵스개발팀 - 웹 프로그래머,Nexon 성남 분당구,,"JSON 개발 - DB 모델링/개발 - 하나 이상의 프로그래밍 언어 (예 : Java, Go, Python, NodeJS 등)에 대한 깊이있는 지식 - 하나 이상의 웹 프론트엔드 프레임워크 (예: Vue.js..."
https://kr.indeed.com/viewjob?jk=ff52e5f9625f8f34,Machine Learning Engineer (LINE AI Servi...,LINE Plus corporation 성남 서현역,,"적용한 경험 - Hadoop MR, Hive, Spark 등 대용량 처리 프레임워크 개발/사용 경험 - Python, Scala, SQL 등의 프로그래밍 언어를 사용할 수 있는 분 - 해외 출장/근무에 결격 사유가 없는..."
https://kr.indeed.com/viewjob?jk=88b7dece067cd1c6,AI Algorithm Developer,펄핏 서울 강남구,,"원합니다. - 자격요건, 어떤 조건이 필요한가요? 컴퓨터 공학 분야 MS 또는 PhD 학위 소지 C/C++/ python, software design, AI algorithms 에 대한 전문적인 지식 소지 원활한 의사소통..."
https://kr.indeed.com/viewjob?jk=93299b1fc47a9604,Cloud Solution Engineer (Big Data & Anal...,Oracle 3.8 서울,,"Java, Node.js, Python 등 - 타 클라우드 분석 서비스... 타 클라우드 BigData 서비스에서 개발, 운영 경험 - SQL 및 Python, Scala 등 최소 1가지 사용 가능 - BI 툴 사용 경험..."
https://kr.indeed.com/viewjob?jk=92ee52d0e9591d5a,통계분석,Success Korea 인천 송도동,,"운영 관련 연구 경력이 있는 분 - SAS 또는 R, SQL, Python 사용 가능자 [공통 지원자격] - TOEIC 750점 또는 TOEIC... SAS 또는 R, SQL, Python 사용 가능자 [공통 지원자격..."
https://kr.indeed.com/viewjob?jk=d3a7fde286f7954c,Backend Developer(Python or Java),Success Korea 서울,,"채용제목 Backend Developer( Python or Java) 회사소개 온라인 서비스 업무내용/자격요건 자격요건 - Python, Java, Ruby, Node.js 등을 사용한 5년 이상의 개발 경력 -Web..."
https://kr.indeed.com/viewjob?jk=b4bd6d5bad3b761c,사내 시스템 (O365) 구축/관리 엔지니어,Nexon 성남 분당구,,"가상화 플랫폼 구축/운영 경험자 - Windows 환경 운영에 따른 스크립트 경험자(Powershell, python 등) - 다양한 오픈소스를 활용하여 인프라 구축/운영 경험자 우대사항 - 사내 유관부서와 원활한 커뮤..."
https://kr.indeed.com/viewjob?jk=b40498e72bdbc8a1,[서울시뉴딜사업] IoT/빅데이터 분야 교육생,사단법인 한국벰스협회 서울 구로구,,게임>빅데이터·AI(인공지능)> Python|인터넷·IT·통신·모바일·게임... 로그래머>증강현실(AR)|인터넷·IT·통신·모바일·게임>응용프로그래머> Python|인터넷·IT·통신·모바일·게임>응용프로그래머>머신러닝(ML)|인터넷...
https://kr.indeed.com/viewjob?jk=c3d7487ed86d9cbe,Counter Intelligence and HUMINT Operatio...,Booz Allen Hamilton 경기도 평택,,SharePoint... creating mathematical models and coding in R and Python Knowledge... US Army's organizational structure...
https://kr.indeed.com/viewjob?jk=b3dc36f873b9e4e3,2020 Market Data Analyst - Seoul (Korean Speaker),Bloomberg 서울,,"languages (e.g. Python, R, JavaScript... programming/scripting languages (e.g. Python, R, JavaScript, Java) as well as SQL..."
https://kr.indeed.com/viewjob?jk=15e577c4d57aaee8,씨젠 2020년 하반기,씨젠 서울 송파구,,및 유지 개발 자동화SW 인실리코SW개발(1) 올리고 디자인 관련 백앤드(Back-end) 프로그램 개발( Python) 인실리코SW개발(2) 올리고 디자인 관련 백앤드(Back-end) 프로그램 개발 (Java) 인실리코SW...
https://kr.indeed.com/viewjob?jk=f4a5057bd3043129,웹프론트엔드 개발자,Nexon 성남 분당구,,"능한 분 - 다양한 분야의 사람과의 협업 능력이 원활하신 분 우대사항 - Spring, Node.js, Python 등 한 가지 이상의 백엔드 기술에 대한 이해 - TypeScript 경험자 우대 - 프로젝트 설정부터..."
https://kr.indeed.com/viewjob?jk=792d3ac05912a792,[아이콘트롤스] 2020년 경력 직원 (데이터분석),현대산업개발 3.0 대한민국,,"자격요건> - 경력: 경력 3년 이상 - 학력: 대졸 이상(컴퓨터공학 또는 관련 전공자) (필수) - Python을 이용한 데이터 분석 능력 보유자 (우대) - 시각화 툴(태블로, 파워BI, 클릭센스) 유경험자 - 스마트 홈..."
https://kr.indeed.com/viewjob?jk=c6e0b428a62c7eaa,경험최적화파트 - 데이터 사이언티스트/분석가,Nexon 성남 분당구,,피처 탐색 등) - 게임내 행동패턴 로그 분석과 패턴 식별 및 이를 통한 서비스 개선 지원자격 - Python을 사용한 데이터 분석 및 모델 개발 경험 - 머신러닝 라이브러리 활용 경험 - 셀프 모티베이션 - 원활한...
https://kr.indeed.com/viewjob?jk=285996f91e76a862,"NAVER, LINE 서비스 플랫폼 운영",NIT Service 성남 삼평동,,"네이버/라인 서비스 플랫폼운영이란, 국내 및 해외를 포함하여 글로벌하게 제공되는 네이버/라인 서비스인 V앱, 파파고, 네이버클라우드플랫폼, 웨일, 네이버메인, 메일, 카페, 블로그, N드라이브, 폴라, 라인/라인플레이 등의..."
https://kr.indeed.com/viewjob?jk=f6eab56d19bce5b1,(주)후로스와 함께 하실 소프트웨어 개발자,후로스 경기도 군포,,"언어: C++ 보조 언어: C, Python 프레임워크: Qt5 OSS... 로그래머> Python|인터넷·IT·통신·모바일·게임>웹프로그래머> Python|인터넷·IT·통신·모바일·게임>빅데이터·AI(인공지능)> Python|인터..."
https://kr.indeed.com/viewjob?jk=5ed0334bca0963cb,[Autonomous Driving] Virtual Environment...,네이버 서울,,"C/C++, Software Design, Debugging Skills ㅇ 스크립트 언어 개발 경험 ( Python, Bash, etc) ㅇ Embedded Platform과 System Software 개발 경험 및 이해..."
https://kr.indeed.com/viewjob?jk=a358a39da5dfc360,[NAVERxLINE] Global Ad AI Engineer/AI Pl...,네이버 서울,,"learn, Tensorflow, PyTorch, MXNet 등 오픈소스 프레임워크 기반 개발 가능하신 분 - Python, Java, Scala 중 1개 이상의 언어를 활용한 소프트웨어 개발 역량 - 논문 습득, 이해 및..."
https://kr.indeed.com/viewjob?jk=5944a3016adb823a,고객경험 개선 CS운영관리자(2년 이상),우아한 형제들 서울 송파구,,"툴(Jira, Wiki) 사용에 능숙하신 분 [우대사항] - SQL을 활용한 데이터 추출 능력 - R, Python 등을 활용한 데이터 가공 및 분석 능력 - 기획/개발부서와 능동적인 커뮤니케이션이 가능하신 분 - 우아한형..."
https://kr.indeed.com/viewjob?jk=44914d62491e43d9,DATA ANALYST,"ODK Media, Inc. 서울",,"thinking, and embracing fun! TECH STACK Python (for analytics) / R Google Bigquery... software (e.g., R, Python(for analytics..."
https://kr.indeed.com/viewjob?jk=96d318d1accd90af,멀티플랫폼 클라이언트 라이브러리 개발자 모집,엔씨소프트 2.8 성남 판교역,,"트랜드에 지속적인 관심을 가지며, 배움에 적극적인 분 우대사항 C#, JavaScript(Node.js), python, go, kotlin 등 다양한 언어에 익숙하신 분 게임 엔진(유니티, 언리얼) 사용 경험이 있으신 분..."
https://kr.indeed.com/viewjob?jk=214b36717acd79d2,[신규] 플랫폼 백-엔드 개발자 채용,엔씨소프트 2.8 성남 판교역,,"구축이 가능하신 분 우대사항 - 대용량 시스템 및 MSA 이해도가 높고 설계/구축이 가능하신 분 우대 - Python, Node.js 경험자 우대 - Elasticsearch, Kafka 경험자 우대 - 머신 러닝에 대한..."
https://kr.indeed.com/viewjob?jk=73457e281df2be21,데이터인프라개발팀 - 데이터 플랫폼 엔지니어,Nexon 성남 분당구,,"클라우드 환경에서 분산 시스템을 개발 및 운영해보신분 - C++ / C# / JAVA / Scala / Python 언어 중 한가지 이상의 언어를 능숙히 사용하시는 분 - 자료구조, 알고리즘, 데이터베이스, 분산처리 등..."
https://kr.indeed.com/viewjob?jk=8c8700db243d1a3c,Applications Engineer (Library Character...,Synopsys 서울,,"Working knowledge of scripting languages like TCL, Unix Shell, Python, or Perl. Prior AE/design experience is a plus. Working..."
https://kr.indeed.com/viewjob?jk=770a8ea269abb47a,데이터 엔지니어,리디 서울,,"경에서의 데이터 파이프라인 구축 및 운영 경험 GA, Tableau 등 외부 분석/시각화 도구에 대한 지식 Python, Java, Scala 중 하나 이상을 이용한 개발 경험 [지원 서류 안내] 아래 항목이 표기된 자유..."
https://kr.indeed.com/viewjob?jk=db6177ed9e1f9408,Application Developer,TAPICK 서울 영등포구,"연봉 36,000,000원 - 60,000,000원","Able to use more than 2 programing languages... Java, Python, C#, PHP, Js - Speaks English, Japanese or Korean Required..."
https://kr.indeed.com/viewjob?jk=02d5da28948369a9,[기업부설연구소] SW 개발 정규직,다스코포레이션 경상북도 구미,"연봉 22,000,000원 - 30,000,000원","소프트웨어 개발 (java, python, C++, Android, C#... 전공자 - 개발언어 1가지 이상 사용가능자(C언어, Android, python 등) 인터넷·IT·통신·모바일·게임>응용프로그래머>C·C++|인터넷..."
https://kr.indeed.com/viewjob?jk=70502a826fbef77b,정규직 서버개발자,피엠그로우 경기도 의왕,,우대내용] - Springframework를 이용한 개발 가능한 분 - nodejs 개발 가능한 분 - python 개발 가능한 분 - apache spark 개발 경험해보신 분 - IoT 시계열 데이터 처리 경험해보신 분...
https://kr.indeed.com/viewjob?jk=de210ffb5a9ee0c4,카카오톡 신규 서비스 서버 개발자,카카오 4.2 성남 판교역,,"구조 개선, 운영 경험 데이터베이스와 캐시 연동 (Redis, memcached, MySQL 등) Kotlin, Python 언어 경험 네트워크 프로그래밍 경험 MQ, Kafka, Elastic Search 등의 도입, 연동..."
https://kr.indeed.com/viewjob?jk=70fccff4d30cb6bf,NAVER IDC 서버 운영/관리(가산),NIT Service 서울 가산동,,"사항] - Web, WAS에 대한 지식과 System application 운영 경험 - Shell script, python 활용 가능 - 해외 데이터센터 인프라 구축 또는 운영 경험 [고용형태] - 정규직 [근무지역..."
https://kr.indeed.com/viewjob?jk=edf056387f11ec0d,데이터 분석가(팀원급),리디 서울,,"이해 및 활용 가능 데이터에 기반한 사고 능력 비즈니스 데이터 분석 실무 경험 데이터 처리 언어 (R, Python, Scala) 사용 경험 추가 정보 우대 사항 리디 서비스 사용 경험 통계 모델링 또는 머신러닝 경험..."
https://kr.indeed.com/viewjob?jk=e5ab641672f761c3,네트워크 엔지니어,이베이 코리아 대한민국,,환경에 대한 경험과 이해 [우대사항 ] - Windows / Linux OS와 Powershell / Python / bash 등 스크립트에 대한 지식 보유 - 네크워크 진단 및 모니터링 툴 운영과 트래픽 분석 관련 실무...
https://kr.indeed.com/viewjob?jk=5e6e506c2395c21b,(병역특례 보충역 00명 ) 모니터링 / 운영 툴 개발,아이앤아이소프트 성남 분당구,"연봉 21,550,000원 - 25,000,000원",인터넷·IT·통신·모바일·게임>응용프로그래머>Android|인터넷·IT·통신·모바일·게임>응용프로그래머>iOS|인터넷·IT·통신·모바일·게임>응용프로그래머> Python|인터넷·IT·통신·모바일·게임>응용프로그래머>C·C++
https://kr.indeed.com/viewjob?jk=324c4d2fbbec4bd7,풀스텍 개발자,thecompany 경상남도,"연봉 40,000,000원 - 50,000,000원",래머>백엔드|인터넷·IT·통신·모바일·게임>웹프로그래머>프론트엔드|인터넷·IT·통신·모바일·게임>웹프로그래머> Python|인터넷·IT·통신·모바일·게임>응용프로그래머>생체인식(바이오인식)|인터넷·IT·통신·모바일·게임>응용프...
https://kr.indeed.com/viewjob?jk=9040dba1c8db2a5d,퀀트운용팀 (사원-대리급),신한비엔피파리바자산운용 대한민국,,지식 보유자 - 투자자산운용사 자격증 소지자 우대 - CFA/CAIA/CPA 자격증 소지자 우대 - VBA/ Python 활용한 업무 가능자 우대 - 관련 전공 및 석박사 학위/금융 관련 자격증 보유자 우대 3. 전형방법...
https://kr.indeed.com/viewjob?jk=9debec4c7f511ec8,(주)신세계아이앤씨 경력사원 상시,신세계아이앤씨 서울 중구,,리에 능숙한 자 -.데이터 I/F개발 및 운영경험자 기술요소 -.R 및 Python 기반 시스템 개발 및 운영 경험자 -.B2C 시스템 개발 및 운영... 통신·모바일·게임>웹프로그래머> Python|인터넷·IT·통신·모바일·게임...
https://kr.indeed.com/viewjob?jk=6d0388270778d803,[홈쇼핑모아] 개발팀 / 백엔드 엔지니어,버즈니 서울,,API 개발 홈쇼핑모아 서버 인프라 스트럭처 이런 분을 찾습니다 관련 업무 경력 최소 3년 이상 있으신 분 Python 및 기반 프레임워크 개발 경험이 있으신 분 Docker(Contatiner) 기반 시스템 환경 구축 경험...
https://kr.indeed.com/viewjob?jk=b4c089a6bea60f6c,Solution Architect for Deep Learning and...,NVIDIA 서울,,"other Engineering fields Work or research experience with Python, C/C++ software development A proven track record..."
https://kr.indeed.com/viewjob?jk=1b68c0bd75dbe08d,DGIST 고신뢰CPS연구센터 제1차 계약직 연구원 채용 공고,대구경북과학기술원 대구 현풍면,,"도계, 초음파센서 등의 신호 처리 기술 및 경험 Matlab 중급 이상 사용 능력 프로그램작성 능력 ( Python, C, C++ 등), 워드프로세서, 파워포인트 등 오피스 프로그램 사용 능력 급여수준 : 관련규정에..."
https://kr.indeed.com/viewjob?jk=864f613e52a0ee39,"Senior Manager, Software Engineering (Se...",Coupang 3.0 서울,,"또는 동등 학사 및/또는 석사 학위 7년 이상의 Java, Scala, Python을 이용한 소프트웨어 설계 및 개발 경험 3년 이상의 대규모 데이터... Java, Scala, python. At least 3+ years..."
https://kr.indeed.com/viewjob?jk=ae2c6294bc277408,Lead Technical Solutions Engineer,MightyHive 서울,,Data Analysis in Python... R Machine... 와 같은 모바일 앱 트래킹 도구들을 위한 모바일 이벤트 트래킹 Python 또는 R 을 활용한 데이터 분석 Machine Learning...
https://kr.indeed.com/viewjob?jk=dd703c944fb4bfbb,Cloud Solution Engineer (ML),Oracle 3.8 서울,,"Serverless, API Gateway 등 - Language : R, Python, Java 등 - 타 클라우드(AWS, Azure, GCP 등... R 등 - SQL 및 Python, C++ 등 최소 1가지 사용 가능..."
https://kr.indeed.com/viewjob?jk=2531a0c578f5ca30,[Robotics] Robot Software Engineer,네이버 서울,,Robotics 혹은 Computer vision 등 유사 분야 석사/박사 학위 혹은 5년 이상의 개발 경력 ㅇ Python / Lua 등 스크립트 언어를 C/C++와 연계 활용 능숙 ㅇ Docker / Kubernetes...
https://kr.indeed.com/viewjob?jk=fe5414158656f438,ISV Cloud Architect,Oracle 3.8 서울,,"Hudson, Chef, Puppet... scripting languages ( Python, Perl, etc... used in scripting application deployments..."
https://kr.indeed.com/viewjob?jk=a41d35173ffe4666,[Search] [Vision] Computer Vision Engine...,네이버 서울,,"스템 엔지니어링 · 스마트렌즈 , 이미지 / 동영상 검색 , 비주얼 커머스 서비스 고도화에 기여 [자격요건] · Python, C++, Golang, Scala 등의 백엔드 개발 언어를 1 개 이상 자유롭게 활용 가능한 분..."
https://kr.indeed.com/viewjob?jk=6c1d50662fa2d7f7,서울 강남구 인썸니아 시니어 개발자 및 퍼블리셔,인썸니아 서울 서초구,,"개발자] 1) 경력: 3~5년차 2) skills: Rails, Python, Django, Node, react 중 한가지 이상 3) 연봉... Django, angular JS, Python 등을 능숙하게 사용하시는..."
https://kr.indeed.com/viewjob?jk=91e0cff49b6a9df6,Data Center Technician,Amzn Corporate Services Korea 서울,,"vendors · Scripting skills - Bash, Python, Perl, etc. · Project coordination... 스크립팅 기술 - Bash, Python, Perl 등 보유자 · 프로젝트..."
https://kr.indeed.com/viewjob?jk=37da5b148b2d3ef4,Senior Data Scientist - AWS Professional...,Amazon Web Services Korea LLC 서울,,"track record of building ML or DL models · Experience using Python... R · Able to write production level code, which..."
https://kr.indeed.com/viewjob?jk=1a282f7477ebb853,[유명생보사] 통계분석 모델링 담당자,㈜에프앤이그재제큐티브 서울,,"경력 2년 이상 - 마케팅 데이터 모델링 경험자 - SAS, R, Python 시각화툴 SQL 등 분석 소프트웨어 사용가능자 - 통계/수학/금융공학... 게임>빅데이터·AI(인공지능)> Python|인터넷·IT·통신·모바일·게임..."
https://kr.indeed.com/viewjob?jk=b9a9af798e9d24a5,보안 개발자 모집,넷마블 서울 구로구,,"한가지 이상 언어의 개발능력 보유( Python, JAVA, ASP, PHP... 습득과 개발을 좋아하며 동료와 함께 성장하고 싶으신 분 우대사항 - Python(django, flask)을 이용한 back-end 개발 경험 있으..."
https://kr.indeed.com/viewjob?jk=ec186421898dffeb,부경대학교 시간강사 경력,부경대학교 산학협력단 부산 남구,,부문 및 자격요건 담당업무 채용예정자훈련 “빅데이터를 활용한 자바 개발자”과정 시간강사 - 빅데이터 “파이썬( Python) + 하둡(Hadoop)” 강의 자격요건 지역산업맞춤형인력양성사업 운영규정 “강사 기준안” 의거 B등급...
https://kr.indeed.com/viewjob?jk=ffd9cedb23e97344,파이썬SW 금융분야 특화 챗봇 개발 함께 할 엔지니어,파운트 서울 충정로역,,"처리 과정을 Python language로 구현 - Big data 처리를 위한 SW 개발 - Backend SW 구현, Messenger interface, DBMS I/F 구현 Requirement - Python..."
https://kr.indeed.com/viewjob?jk=675c76c7b51cb525,검색서비스 구축 및 운영,인터파크홀딩스 서울 강남구,,"검색 관련 전공자 (석사이상) SchemaLess DB 기본지식 보유 (Redis, Mongo DB 등) Python 개발 가능자 커뮤니케이션이 원만하신 분 근무환경 고용형태 : 정규직 근무지 : 서울 강남구 접수기간 및..."
https://kr.indeed.com/viewjob?jk=ab6d748f635fcc41,경력사원 상시 (AI 기획 및 개발),신세계아이앤씨 서울 중구,,경험자 [기술요소] - R 및 Python 기반 시스템 개발 및 운영 경험... 그래머> Python|인터넷·IT·통신·모바일·게임>응용프로그래머> Python|인터넷·IT·통신·모바일·게임>빅데이터·AI(인공지능)> Python|인터...
https://kr.indeed.com/viewjob?jk=86ea268d9852807f,[경력] 검색 엔진 개발,현대엠엔소프트 서울 용산구,,"언어/framework: JAVA, Python, Spring boot... 지능)>빅데이터|인터넷·IT·통신·모바일·게임>빅데이터·AI(인공지능)> Python|인터넷·IT·통신·모바일·게임>빅데이터·AI(인공지능)>Spark..."
https://kr.indeed.com/viewjob?jk=0426824b5d0e727d,[셀바스에이아이] 챗봇 플랫폼 개발자 신입 / 경력,디오텍 서울 금천구,,게임>빅데이터·AI(인공지능)> Python|인터넷·IT·통신·모바일·게임... 로그래머> Python|인터넷·IT·통신·모바일·게임>응용프로그래머>JAVA|인터넷·IT·통신·모바일·게임>응용프로그래머> Python|인터넷·IT·통신...
https://kr.indeed.com/viewjob?jk=e547936275777a10,빅데이터 솔루션/인공지능 솔루션 백엔드 엔지니어,데이터마케팅코리아 서울 강남구,,"상세 이력서 등록하기 지원양식 커리어 온라인 이력서 직무/산업 직무별(직종) 웹프로그래머웹프로그래머, Python 응용프로그래머응용프로그래머, C, Java, API 인공지능(AI).빅데이터인공지능(AI), 빅데이터 산업별..."
https://kr.indeed.com/viewjob?jk=7f38721257646550,Cloud Support Eng. II (DMS),Amazon Web Services Korea LLC 서울,,browser or node.js) / iOS (Objective-C / Swift) / Python / Ruby / Go · Customer service experience / strong customer focus...
https://kr.indeed.com/viewjob?jk=c9c0370fa9baf512,DGIST-ETH 마이크로로봇연구센터 계약직 직원 공개 초빙 공고,대구경북과학기술원 대구 현풍면,,"다양한 응용을 위한 MEMS 기반 압전소자 특성 평가 MATLAB, Python 등의 프로그래밍을 사용한 실험 data 통계 분석 및 Image... 험자 우대 MATLAB, Python 등을 사용한 기본적인 프로 그래..."
https://kr.indeed.com/viewjob?jk=c81984fb6cd9a0c6,빅데이터 전략/마케팅 (과~차장),Success Korea 서울 중구,,"이상 - 전문지식 ※ 통계분석(SAS, R 등) ※ 빅데이터분석 ( Python, Spark, Hadoop, Aster 등) ※ 인공지능, 머신... R 등) ※ 빅데이터분석 ( Python, Spark, Hadoop..."
https://kr.indeed.com/viewjob?jk=097c35ed002a62e5,NAVER IDC 서버 운영/관리(평촌),NIT Service 안양 동안구,,"사항] - Web, WAS에 대한 지식과 System application 운영 경험 - Shell script, python 활용 가능 - 해외 데이터센터 인프라 구축 또는 운영 경험 [고용형태] - 정규직 [근무지역..."
https://kr.indeed.com/viewjob?jk=928c3bf56ce83048,백/프론트 웹개발자(풀스택 Full Stack) 경력자,소프트케익 부산 연제구,"연봉 30,000,000원 - 32,000,000원","흥미진진한 여정을 하실 가족을 모십니다. * 필수역량 (:풀스택) - Back-end(백엔드 부분) : Python (또는 Node.js 도 가능), RDBMS(MySQL 등) , AWS 등의 서비스 사용 경험 - Front..."
https://kr.indeed.com/viewjob?jk=cae2de07045cfb2b,"Java, Python 영상툴 개발자",에이아이메이커 서울 마곡동,,원하면 가능) 담당업무 - 영상 라벨링 Tool 개발 - Tool 정확성 개선 자격요건 - Java - Python 우대사항 - 관련 개발 경력 - 툴개발 경력 근무조건 - 월~금 AM9:30 ~ PM18:30 복지...
https://kr.indeed.com/viewjob?jk=b3dc36f873b9e4e3,2020 Market Data Analyst - Seoul (Korean Speaker),Bloomberg 서울,,"languages (e.g. Python, R, JavaScript... programming/scripting languages (e.g. Python, R, JavaScript, Java) as well as SQL..."
https://kr.indeed.com/viewjob?jk=1748baa27965fdbf,"MVP 개발 엔지니어(서버, 웹프론트) (정규직, 계약직, 프리랜서)",더테스터 대전 중구,,1년 이상의 서버 개발 경험 · 아래 옵션 중 하나의 기술 스택 사용 - JAVA기반의 Spring - Python 기반의 Django - Ruby 기반의 Rails 우대사항 · 팀단위로 프로젝트를 수주해본 적 있는...
https://kr.indeed.com/viewjob?jk=e0fdbfd6fae7db61,SNOW KREAM DevOps 엔지니어,스노우 성남 분당구,,최적의 포지션입니다. 지원자격 - Python 중급 이상 - Cloud... 게임>통신·모바일>서비스기획·운영|인터넷·IT·통신·모바일·게임>응용프로그래머> Python|인터넷·IT·통신·모바일·게임>웹프로그래머> Python
https://kr.indeed.com/viewjob?jk=e5fb5794b6b8ff58,(E&M부문) TVING 경력사원 [시스템인프라],CJ ENM 서울 마포구,,"운영 경험 [우대요건] - AWS 기반 시스템아키텍처 설계 경험 - ISMS 대응 경험 - Shell;, Python 등 스크립스 언어개발 가능자 근무조건 근무지 : 서울시 마포구 상암동 근무조건 서류전형 > 1차면접 > 2..."
https://kr.indeed.com/viewjob?jk=b15048c3c102d92c,Global Fintech DW/BI 엔지니어,LINE Plus corporation 성남 판교역,,"사항] - 오픈 소스 기반의 시각화 도구(Zeppelin, Superset 등) 활용 경험 - Java 또는 Python, Spark 개발 경험 - 모바일 금융 서비스에 익숙하고 관련 최신 트렌드 관심 - 금융 데이터..."
https://kr.indeed.com/viewjob?jk=14ca14209b44c665,[GC녹십자지놈]BI팀 팀원,녹십자지놈 용인 기흥구,,"보학 전공자 3. 프로그래밍 가능자 ( Python, Perl, R 등) 4... 터넷·IT·통신·모바일·게임>웹프로그래머> Python|인터넷·IT·통신·모바일·게임>응용프로그래머> Python|인터넷·IT·통신·모바일·게임>빅데이터..."
https://kr.indeed.com/viewjob?jk=92da4f1dae35bc28,[리니지M] 전투 밸런스 기획자 모집,엔씨소프트 2.8 성남 판교역,,리니지 플레이 경험 리니지M 플레이 경험 리니지IP에 대한 높은 이해도 VBA 활용능력 [기타 우대사항] Python 및 PowerPoint 활용능력 제출서류 포트폴리오(필수) 전형단계 서류전형 1차 면접 NC TEST 2...
https://kr.indeed.com/viewjob?jk=3a6a8a0cd102be19,Global Payment DevOps Engineer,LINE Plus corporation 성남 판교역,,"자동화 플랫폼 개발 - 분산 시스템 아키텍쳐 설계 기술 개발 [자격요건] - Java, Golang, Python 등 1개 이상의 언어 사용이 능숙한 자 - Unix/Linux 개발/운영 환경이 익숙한 자 - 대용량..."
https://kr.indeed.com/viewjob?jk=9d9f5827c98272c9,테크빌더팀 웹어플리케이션 개발자 (백앤드/프론트앤드),Nexon 성남 분당구,,"주요업무 - 유저동향분석 시스템, 개발팀 지원 서비스 운영 및 개발 사용언어 및 라이브러리 - Python + Flask - JavaScript, React, Angular, JQuery - Elastic Search..."
https://kr.indeed.com/viewjob?jk=d5be40de21d8637a,Senior Field Service Engineer,Huntington Ingalls Industries Inc. 경기도 평택,,"Technical background with working knowledge of HTML, Ruby, Python... Java Knowledge of hardware, networks, and server..."
https://kr.indeed.com/viewjob?jk=aac8e9355cb855ac,[인재풀] 아티스트,Electronic Arts 서울,,Maya or 3D Max등의 아트웍 툴 사용 경험 - Max script 또는 Mel Script의 사용 경험 - C# 또는 Python 언어에 대한 이해 및 활용 능력 - 아트웍 관련 툴 제작 또는 플러그인 제작 경험
https://kr.indeed.com/viewjob?jk=116009dbf59211ed,퍼즐데이터 역량있는 데이터 분석가,주식회사퍼즐데이터 서울 역삼동,,"데이터 마이닝 및 통계분석에 대한 전반적인 이해 3. 관련분야(산업공학, 통계 등) 전공 4. R or Python 사용 능력 * 이런 분은 더욱 좋아요. 1. 프로세스 마이닝 지식 보유자 2. 관련분야 대학원 전공 3..."
https://kr.indeed.com/viewjob?jk=4aee3e7a50dce9d2,"모빌리티 기업 렌카, 데이터 분석 담당자",렌카 서울 광진구,,"서버.보안.네트워크.DB데이터베이스, DBA, MS-SQL, MySQL, 데이타마이닝, NoSQL 인공지능(AI).빅데이터빅데이터, DataAnalysis, Python 산업별(업종) 솔루션.ASP.소프트웨어 소프트웨어개발"
https://kr.indeed.com/viewjob?jk=649ccf047c868778,"금융 데이터 분석 엔진, 로보어드바이저 개발자",에스비씨엔 서울 영등포구,,"시스템, 머신러닝, 자연어처리. 패턴분석 - 다음 언어에서 최소 한 가지 이상 능숙자: Java, C++, Python, JavaScript 우대사항 - 석사이상 컴퓨터공학 (Computer Science) 분야 또는..."
https://kr.indeed.com/viewjob?jk=713deb15cc6428fd,[NAVERxLINE] Global Ad Data Engineer/Dat...,네이버 서울,,"광고 퍼포먼스에 대한 Reliablity Engineering [자격요건 ] - Java, Scala, Python 등의 언어를 활용한 소프트웨어 개발 역량 - 리눅스 환경에서의 시스템 개발 및 운영 경험 - 분산 환경에서의..."
https://kr.indeed.com/viewjob?jk=dadb21a93ac34317,VOC분석/지원 솔루션 운영담당자(2년 이상),우아한 형제들 서울 송파구,,"분 - 기획/개발부서와 능동적인 커뮤니케이션이 가능하신 분 - SQL을 활용한 데이터 추출 능력 - R, Python 등을 활용한 데이터 가공 및 분석능력 - 우아한형제들의 서비스와 기업문화를 이해하고 함께 성장하고 싶으신..."
https://kr.indeed.com/viewjob?jk=1a8de46da6913078,Senior Applied Data Scientist,dunnhumby 서울,,"e.g. by using Hadoop / Spark / SQL / Python. Analytical Techniques Desk Research... Git) Programming ( Python, SQL … Business..."
https://kr.indeed.com/viewjob?jk=5813fa93662a746c,[기업부설연구소] 소프트웨어 개발자,삼정산업 포항 북구,,"과제 기획 및 진행 2. R&D 사업과제 수행 3. 회사 보유 기술의 체계적 관리 등 4. C++, C#, Python, Database, AI 솔루션 개발 등 [근무시간 및 형태] 주 5일 근무 (오전) 8시 30분~(오후..."
https://kr.indeed.com/viewjob?jk=bad0f76842269b46,[해외취업] 【AI・RPAエンジニア】経験半年の方も歓迎 10ヵ国の技術者が在...,株式会社リープ 대한민국,,"격요건 【必須要件】 ・何かしらのシステム開発経験が半年以上ある方 【歓迎要件】 ・Java, PHP, .NET, Pythonのスキルをお持ちの方 ・顧客折衝や要件定義などの上流工程経験がある方 ・RPAエンジニアとしての実務経験、知識がある方..."
https://kr.indeed.com/viewjob?jk=71675db885a52e67,검색 소프트웨어 엔지니어,myrealtrip 서울,,운영 지식그래프 기반 NER 서비스 개발 [자격요건] 3년 이상의 정보 검색/추천 서비스 경력 Java/ Python 하나 이상의 능숙한 프로그래밍 언어가 있으신 분 데이터 기반 서비스의 아이디어를 내고 구현에 도전하시는...
https://kr.indeed.com/viewjob?jk=eca18a1897e5d4ea,[금융사업클랜] 비즈니스 데이터 분석가 (Business Data Ana...,카카오페이 성남 분당구,,하신 분 - SQL등을 통해 복잡한 데이터 셋에서 원하는 데이터를 추출 및 가공할 수 있으신 분 - R 또는 Python을 활용하여 분석 및 결과 리포팅이 가능하신 분 - 분석을 통해 도출된 의견을 논리적이고 체계적으로 제시...
https://kr.indeed.com/viewjob?jk=5f18c149379506cd,테크센터개발팀 - 웹 프로그래머,Nexon 성남 분당구,,"Protocol, 인증 및 권한, 보안) - 프로그래밍 언어 무관 (C#, Java, Javascript, Python, Go, PHP 등) - 프레임워크 무관 ( .NET MVC, Spring, node.js..."
https://kr.indeed.com/viewjob?jk=4e681accee272f37,[KSTEC] RPA 시스템 개발 신입 및 경력사원,지식시스템 성남 분당구,,통신·모바일·게임>웹프로그래머>JAVA|인터넷·IT·통신·모바일·게임>웹프로그래머>.NET|인터넷·IT·통신·모바일·게임>웹프로그래머> Python|인터넷·IT·통신·모바일·게임>웹프로그래머>HTML·DHTML·mHTML
https://kr.indeed.com/viewjob?jk=ef10a663799ced7d,블록체인 시스템 엔지니어 채용(무관),네오위즈 대한민국,,"와 네트워크 지식을 갖춘 분 - Docker / Git 등 관리 툴 사용 경험이 있는 분 - Shell, Python 등을 이용한 스크립트 개발 경험이 있는 분 우대사항 - 블록체인 서비스를 사용하거나, 블록체인 시스템을..."
https://kr.indeed.com/viewjob?jk=5a90b2727a379896,[유명 인터넷 금융사] 클라우드 플랫폼 개발자,제이앤피에이치알컨설팅 성남 분당구,,"경험 2년 이상 · Infrastructure as Code를 이해하고 구현할 수 있는 분 · Golang, Python, Javascript 중 하나 이상의 언어에 능숙한 분 (우대사항) · 서비스를 설계 단계부터 참여해서..."
https://kr.indeed.com/viewjob?jk=856eb0b587603389,Sr Field Engineer I,Raytheon Intelligence & Space 경기도,,"Redhat Linux System Administration, UNIX shell/PERL/ python scripting, Cisco network administration, Oracle or Weblogic..."
https://kr.indeed.com/viewjob?jk=4fa50f2ffd370bae,얼굴모션 캡처기술 인공지능(AI) 연구개발 전문기업,인공지능(AI) 연구개발 전문기업 경기도,,대한 이해 - Tensorflow/Pytorch 등 딥러닝 프레임워크에 대한 깊은 이해와 연구 개발 경험 보유 - Python/C++에 대한 능숙한 개발 경험 7) 우대사항 - 관련 분야 박사학위 소지자 - 인공지능(Deep...
https://kr.indeed.com/viewjob?jk=15f7bbd0d7b13487,파이썬 웹 서버 개발자 모집,엔씨소프트 2.8 성남 판교역,,"백엔드 시스템 개발 경력 5년 이상자 - HTTP / REST / API 설계에 대한 이해와 구현 경험 - Python Django, Flask, Channels 사용 경험자 - 분산 환경 서비스 설계 및 개발 경혐이 있으신..."
https://kr.indeed.com/viewjob?jk=3e2ccf374eae0c90,"[해외취업] 베리텍, 시스템개발자/응용프로그래머",에임하이글로벌 대한민국,"연봉 32,510,000원 - 65,030,000원","비지니스회화 주요업무내용 1. 개발자 : 시스템개발 업무 수행 및 유지보수 ( JAVA, C#,.Net, Python,PHP) 2. 응용프로그래머 : 솔루션 개발/운영(Web, C#, iOS, Android, Delphi..."
https://kr.indeed.com/viewjob?jk=85929aac498299cc,데이터 사이언스 전문가 및 머신러닝 전문가,카카오 4.2 성남 판교역,,명시해 주시기 바랍니다. 지원자격 개발 경력 2년 이상 머신 러닝/데이터 사이언스를 위한 언어(R/ Python/Scala) 및 도구(scikit-learn/Spark MLlib/Tensorflow/Pytorch 등)를...
https://kr.indeed.com/viewjob?jk=79eac74ad4394ffd,ICT/바이오 분야 대졸자 취업연계과정,한국폴리텍대학분당융합기술교육원 성남 분당구,,프로그래머>머신러닝(ML)|인터넷·IT·통신·모바일·게임>응용프로그래머> Python|인터넷·IT·통신·모바일·게임>응용프로그래머>증강현실(AR)|전자... 게임>빅데이터·AI(인공지능)> Python|인터넷·IT·통신·모바일·게임...
https://kr.indeed.com/viewjob?jk=609e248684d02ecf,DBA 엔지니어,쏘카 대한민국,,"시계열 데이터베이스(InfluxDB) 구축 운영 경험 보유 • 자동화를 위한 스크립트 (shell, python, ansible) 지식 보유 • DA# 이용한 ERD 관리 경험 • 새로운 기술 도입에 대한 오픈 마인드 지원방..."
https://kr.indeed.com/viewjob?jk=8f65ee5238b477a2,[ 아이콘트롤스 ] 2020년 경력 직원 (데이터분석),HDC아이콘트롤스 성남 분당구,,또는 관련 전공자) (필수) - Python을 이용한 데이터 분석 능력... 모바일·게임>응용프로그래머> Python|인터넷·IT·통신·모바일·게임>응용프로그래머>클라우드|인터넷·IT·통신·모바일·게임>웹프로그래머> Python
https://kr.indeed.com/viewjob?jk=f30968ff9c529805,BI/DW 엔지니어,NHN ACE 4.3 성남 판교역,,구현 및 유지보수 가능한 분 - 데이터 분석 및 인사이트 추출 가능한 분 - BI 운영 경험자 - python 기반 ML 가능한 분 - 새로운 기술을 습득하고 활용하는 것을 즐기는 개발자 본 채용은 상시 채용으로...
https://kr.indeed.com/viewjob?jk=cdc69e78bbccefd3,[해외취업] AI 엔지니어,株式会社ASCOM 대한민국,,"회사에서 일하고 싶어하는 사람들에게 좋은 기회입니다. 인생의 새로운 장을 열어보세요! 1) C/C++, Python 및 기타 프로그래밍 언어에 익숙한 자 2) 딥 러닝 도구(예:Tensorflow,Caffe 등)에 익숙한 자..."
https://kr.indeed.com/viewjob?jk=1b06cec85f4b58e8,"Field Application Engineer, Korea",Arteris 대한민국,,"Familiarity... ARM ecosystem (CPU, interfaces, fabrics) Python or Perl scripting Familiarity with cache coherency..."
https://kr.indeed.com/viewjob?jk=e787fde04b998e1a,게임이상탐지팀 서비스 개발자,Nexon 성남 분당구,,"대용량 데이터를 요청에 맞게 전달하는 API 개발 - AWS 인프라 구축 및 운영업무 지원자격 - python, node.js, C#, Java등 한 가지 이상의 언어를 능숙히 사용 가능하신 분 - 관련 분야 5년 이상..."
https://kr.indeed.com/viewjob?jk=f650c8f813cdac23,BigData 플래폼 S/W 엔지니어,에스케이플래닛 성남 분당구,,데이터|인터넷·IT·통신·모바일·게임>응용프로그래머>JAVA|인터넷·IT·통신·모바일·게임>응용프로그래머> Python|인터넷·IT·통신·모바일·게임>웹프로그래머>JAVA|인터넷·IT·통신·모바일·게임>웹프로그래머> Python
https://kr.indeed.com/viewjob?jk=9fe8834bb6f7cadb,JAVA /JSP/PYTHON 개발자,티큐에스코리아 대한민국,"연봉 28,000,000원 - 30,000,000원","지원자격 경력 신입·경력 학력 - 성별 무관 기타 담당업무 - 3D Point Cloud 관련 개발, Deep learing 기반 , Computer Vision 개발 , 빅데이터 처리/ AI 개발 - 3D Point..."
https://kr.indeed.com/viewjob?jk=afe92c03320fe1b3,카카오 광고 서비스 알고리즘 및 시스템 개발,카카오 4.2 성남 판교역,,"하고 싶습니다. 지원 자격 (공통) 하나 이상의 프로그래밍 언어에 익숙한 분 (C/C++, Java, Python, Go, Scala 등) 알고리즘 개발 업무 관련 데이터 마이닝 또는 머신러닝 지식/경험이 풍부한 분 (통계..."
https://kr.indeed.com/viewjob?jk=9ce56f0a981fc2f0,Fintech 데이터 분석 전문가 (Data Scientist),LINE Plus corporation 성남 판교역,,"활용하여, 데이터 기반 인사이트 발굴 및 데이터 서비스 개발 [자격요건] - 데이터 분석 프로그램(SQL, Python, SAS 등)을 활용한 데이터 분석 가능 - Machine Learning을 활용한 예측 모형 개발..."
https://kr.indeed.com/viewjob?jk=9ebcb7901600200f,ITSM Service 운영관리(Java.Unix 가능자) / 인천 송도,엠아이티마스 인천 연수구,,Python - javascript [자격요건] 경력사항: 경력(3년 이상 ) 학력사항: 고등학교졸업 기타: [skill] - java / unix 명령어 가능자 / db query 가능자 - thon or Python 가능...
https://kr.indeed.com/viewjob?jk=9a9e91ae6092ed2d,Developers,Coinplug 경기도 성남,,"development and operation Experience using Java / Node.js / Go / Python, etc. Ability to utilize Databases including RDB..."
https://kr.indeed.com/viewjob?jk=43bebf7b974d657a,게임 데이터 분석가,쿡앱스 성남 삼평동,,"기반으로 한 커뮤니케이션 능력을 갖추신 분 -수리적 직관 및 통찰력을 가지고 계신 분 [우대사항] -R, Python,Scala,SQL등의 툴을 이용한 데이터 분석 업무경험이 있으신 분 -데이터 마이닝 및 머신러닝 관련..."
https://kr.indeed.com/viewjob?jk=c88668ea065cd5bc,[그룹계열사 대기업] Data Analysis (통계 머신러닝 AI 모형...,제이앤피에이치알컨설팅 서울,,"데이터 분석 또는 모형 개발 경험 3 년 이상 (필수) - SAS, Python 등 활용한 모형 개발 경험 (필수) - 신용평가모형 개발 또는 신용정... 게임>빅데이터·AI(인공지능)> Python|인터넷·IT·통신·모바일·게임..."
https://kr.indeed.com/viewjob?jk=bdd99d4562394ce5,FDS 서버 개발,LINE Plus corporation 성남 판교역,,"및 적용 [자격요건] - Java, Java Framework(Spring, Spring Boot), Python 언어에 능숙한 자 - 대용량 데이타 처리 시스템 개발 및 운영 - 신규 기술에 관심이 많고 빠르게 습득..."
https://kr.indeed.com/viewjob?jk=48090bdf1303bd76,매칭팀 - 데이터분석가,Nexon 성남 분당구,,및 대시보드 설계 지원자격 - (필수) 데이터 정제 및 머신러닝 기법 적용에 필요한 프로그래밍 능력 (R or Python) - (필수) SQL 기본 활용 능력 - (선택) Spark를 활용한 데이터 처리 및 분석 능력...
https://kr.indeed.com/viewjob?jk=c70860a78df5dcff,[연구 인턴] HR Data Analytics,현대자동차그룹 4.4 서울 양재역,,"확보 및 즉시 실습(비자)이 가능하신 분 ·Data 분석 Tool 활용 경험을 보유하신 분 (SQL, R, PYTHON, SAS 등) ·Data 관련 지식을 보유하신 분 (Data 자료구조, 알고리즘, DB, 기초통계 등..."
https://kr.indeed.com/viewjob?jk=665e5885dfd75df4,[카카오커머스] 기술직군,카카오커머스 성남 분당구,,"이터 엔지니어 경력 3년 이상 ㆍ프로그램 개발(Java, Scala, Python 등) 기술을 보유하신 분 ㆍ대용량 데이터에 대한 실시간/배치 서비스... Keras, Pytorch 등) ㆍ Python을 활용한 머신러닝/딥러닝..."
https://kr.indeed.com/viewjob?jk=20d40ee61adffeca,챗봇 플랫폼 개발자,카카오 4.2 성남 판교역,,"서비스에 대한 두려움이 없으신 분 서버 개발 Java, Scala, Kotlin 등의 JVM 기반 언어 및 Python을 이용해서 실서비스 개발 및 운영해보신 분 데이터 엔지니어 Kafka, Elasticsearch..."
https://kr.indeed.com/viewjob?jk=6e9819bc1b7015c9,[기술플랫폼실] 정보보호 담당자 영입,카카오페이 성남 분당구,,"술적 지식과 설계, 구축, 운영 등 역량을 보유하신 분 - 개발언어(Shell script, JAVA, Python 등)에 대한 이해 및 코드리뷰와 관련한 역량을 보유하신 분 - ISMS-P, PCI-DSS, ISO27001..."
https://kr.indeed.com/viewjob?jk=f281c810daf0e10d,카카오 네트워크 엔지니어,카카오 4.2 성남 판교역,,"있는 자신감 넘치시는 분 (기술, 응대 모든 면에서) 해외여행 결격사유 없는 분 선호 자격 bash, python 등을 이용한 인프라 관리 자동화 스크립트 가능하신 분 인프라 운영 및 관리 관련 Tool 개발/경험이 있으..."
https://kr.indeed.com/viewjob?jk=3cc384be4fd74af2,빅데이터 분석 기술인력,한국정보기술단 과천 과천시,,"텍스트 분류, 텍스트 Generation) - 언어/패키지 : R, Python, SQL 등 [우대사항] - 수학/통계학 전공 - 정보처리기사 00... 게임>빅데이터·AI(인공지능)> Python|인터넷·IT·통신·모바일·게임..."
https://kr.indeed.com/viewjob?jk=6c72bc66247b6640,앰코코리아 RF/엔지니어/R&D/자재관리/구매 신입 및 경력사원,앰코테크놀로지코리아 인천 연수구,,학사 이상학력을 보유하신 분 교대근무(4조 3교대) 가능하고 책임감이강한 인원 PC 활용능력 우수자 우대 Python 활용자 우대 영어 활용 우수자 우대 반도체 장비 운영 및 정비 연구 지원을 위한 PC 활용 및 보고서 작성...
https://kr.indeed.com/viewjob?jk=776e6326f5ed1142,[TmaxData/기술] 제품 QA 신입 및 경력,티맥스소프트 성남 분당구,,"테스트 시나리오 기획/작성, 테스트 및 관리 - 품질관리 시스템 개발 및 유지보수 자격요건 Java/C/ Python 초급 개발자/경험자 Unix/Linux 엔지니어 경험자 IT 관련 학과 4년 대졸자 또는 졸업 예정자..."
https://kr.indeed.com/viewjob?jk=8dfc9993e2aa9160,유저프로파일팀 - 데이터 모델러,Nexon 성남 분당구,,"데이터를 가치있게 활용할 수 있도록 가이드 합니다. - 주요 활용 tool : SQL, Zeppelin, Python, Scala, Tableau 지원자격 - (필수) 논리적이고 체계적인 문제 해결 및 커뮤니케이션 능력을..."
https://kr.indeed.com/viewjob?jk=a4946f6098077a45,[개발]Python 백엔드 개발자(정규직),위메프 2.8 대한민국,,"3년 이상자 - Python 개발 경험 보유자 - 개발 환경 변화에 유연한 자(새로운 언어 및 새로운 시스템 적용 등) [우대사항] - 마이크로서비스 아키텍처에 대해 이해하고 있는자 - Python Django, Flask..."
https://kr.indeed.com/viewjob?jk=dd06066d79860614,MySQL Engineer,카카오 4.2 성남 판교역,,"지원자격 대용량 DBMS 운영 경험이 있는 분 (실력, 의지는 중요하나 경력'기간'은 중요하지 않음) python, go, bash 등 스크립팅 언어를 하나 이상 사용하실 수 있는 분 MySQL 에 대해 전반적으로 이해하고..."
https://kr.indeed.com/viewjob?jk=00a89d974a463f1f,FPGA 플랫폼 엔지니어(딥러닝 하드웨어 프로세서 개발),딥엑스 성남 분당구,"연봉 40,000,000원 - 99,990,000원","사용 경험 : Chip Scope/SignalTap - Language: Python/Perl, C/C++ - Vivado 또는 Synplify 또는... 게임>빅데이터·AI(인공지능)> Python|인터넷·IT·통신·모바일·게임..."
https://kr.indeed.com/viewjob?jk=297e6568c740f98e,iOS Developer,Bepro Company 서울,"연봉 40,000,000원 - 80,000,000원",참고 - React JS (Web) / Kotlin (Android) / Swift (iOS) - Python + Django - AWS lambda + API gateway - MySQL - Google Cloud...
https://kr.indeed.com/viewjob?jk=1a75ce748c5f24e9,TOAST CAM 임베디드 개발,NHN 4.3 성남 판교역,,"또는 석사 학위 또는 그에 준하는 실무 경험자 (신입 지원가능) - 임베디드 환경에서 영상 처리 경험자 - Python, C++ 개발 경험 - 딥러닝 프레임워크, 컴퓨터 비젼 경험자 - Visual Object..."
https://kr.indeed.com/viewjob?jk=ec0c6e742224caeb,Global Fintech Data Scientist,LINE Plus corporation 성남 판교역,,"SQL을 이용한 데이터 전처리/추출이 가능한 자 - 데이터 분석/모델링을 위한 언어가 능숙한 자(R/ Python/Scala 등) - Hadoop 환경에 대한 이해를 기반으로 Hive, Spark, Presto 등 사용이..."
https://kr.indeed.com/viewjob?jk=747e809417b65ce3,Data Scientist (LINE TIMELINE),LINE Plus corporation 성남 서현역,,"Spark 등 대용량 데이터 처리 프레임워크에 대한 경험 - Python, R, SQL 등의 언어를 능숙하게 사용할 수 있는 능력 [우대사항... 원자 : '장애인증명서 또는 복지카드' 첨부 # Data # Python"
https://kr.indeed.com/viewjob?jk=385c58c7ced1d77b,데이터 사이언티스트 지향하는 데이터 엔지니어,카카오 4.2 성남 판교역,,"Spark 등 빅데이터 분석 플랫폼을 사용하여 대용량 데이터의 수집,가공이 가능한 분 프로그램 개발(Java, python 등) 기술을 보유하신 분 어떤 일이라도 중요하게 여기며 책임감 있게 진행할 수 있으신 분 자신의 생각..."
https://kr.indeed.com/viewjob?jk=55a19c92c845685e,Developer / Designer recruit,마이뮤직테이스트 서울 논현동,,"language (i.e Python, Ruby, Java, .Net... High proficiency in Python... knowledge... least one Python web framework..."
https://kr.indeed.com/viewjob?jk=3a3c48cd3026f062,[기술플랫폼실] 데이터 사이언티스트(Data Scientist) 분석가...,카카오페이 성남 분당구,,"능하신 분 - SQL 쿼리를 활용한 데이터 전처리/추출 가능하신 분 - Python, R 중 분석/모델 개발을 위한 숙달된 언어 보유하신 분 우대사항... 게임>빅데이터·AI(인공지능)> Python|인터넷·IT·통신·모바일·게임..."
https://kr.indeed.com/viewjob?jk=7bd59201a82e59ed,[신규프로젝트] 차세대 콘솔 Maya 리거 채용,엔씨소프트 2.8 성남 판교역,,"동학, 변형 및 토폴로지에 대한 지식 - 캐릭터 제작 파이프 라인 및 워크 플로우 기술에 대한 지식 - Python, MEL,또는 기타 프로그래밍 언어 경험 - 문제 해결 능력 - 언리얼 등 상용엔진 응용 사용 경험 - 리깅..."
https://kr.indeed.com/viewjob?jk=e56ad55002666f4c,Process & Data Scientist,Applied Materials Inc. 대한민국,,"systems Experience... least one programming language ( Python, R, Java, etc... writing SQL queries Qualifications..."
https://kr.indeed.com/viewjob?jk=bb76e00964d6cec6,Customer Engagement Specialist,Sanofi 4.1 서울,,"Korean Proficiency in statistical software including R, SAS, or Python is a plus #LI-KR At Sanofi diversity and inclusion..."
https://kr.indeed.com/viewjob?jk=17de69fafdda4cda,인프라 엔지니어 (시스템/네트워크/클라우드) 모집,엔씨소프트 2.8 성남 판교역,,"젝트 (클라우드/시스템/네트워크) - IaC 자동화 도구/스크립팅 (Terraform, Ansible & Python, OS 별 스트립트 개발) - EVPN, VxLAN 기술 경험자 제출서류 필수 제출서류 없음 전형단계 서류..."
https://kr.indeed.com/viewjob?jk=fc207b90f7c09a40,[해외취업] 엔지니어/게임 프로그래머 정사원/계약사원 중,"CREEK & RIVER Co., Ltd. 대한민국",,"필요 [환영 스킬/경험] Unity를 이용한 개발경험 C#, PHP, Java, Ruby, Perl, Python, ASP, JavaScript등의 프로그래밍언어 사용경험 LAMP환경의 구축경험 [원하는 인재상] 게임을..."
https://kr.indeed.com/viewjob?jk=04d685fc70b67d4e,Linux/Python/PHP/MySQL/백엔드 정규직 경력,일루미나리안 용인 보정동,,"보유 - DBMS(MySQL or MariaDB), scripting Language: bash, python, OOP 언어 중 가능자 - Back-End 서버를 개발해 보신 분 [우대사항] - Go(aka GoLang..."
https://kr.indeed.com/viewjob?jk=ffac42e32db26233,Lead Product Engineer - Liberate,Cadence Design Systems 경기도,,"problems and propose solution Automation skills using Tcl, Python, Perl and shell scripting Bachelor/Master in EE with 5+..."
https://kr.indeed.com/viewjob?jk=96688eea9c1a9e28,Security Engineer (취약점 분석),Toss 서울 강남구,,"# 자격 요건 - 모의해킹 및 취약점 점검 경력이 있는 분 - 소스 코드 정적 취약점 점검에 능숙한 분 - Python, C, C++, JAVA 중 프로그래밍 언어에 능숙한 분 # 우대 사항 - 국내 또는 국외 버그 바운티..."
https://kr.indeed.com/viewjob?jk=8bcc7807085700a7,Dev Ops(),NHN TOAST 4.3 성남 판교역,,"Linux, Windows Server 트러블 슈팅 숙련자 - 2년 이상의 개발 경험자(PHP, Python 등) 본 채용은 상시 채용으로 면접이 수시로 진행되며, 先지원자에게 기회가 먼저 부여되므로 빠른 지원 바랍니다..."
https://kr.indeed.com/viewjob?jk=fd9bd0fcbf5c454a,ICT 분야별 개발자,케이뱅크은행 서울 종로구,,튜닝경험자 - 은행 DW및 후선 업무 이해 - SW 개발 능력 보유자( Python/Java 등) 우대사항 - Hadoop/Spark등 분산 처리 기술... 업무 이해 - SW 개발 능력( Python/Java 등) - Linux...
https://kr.indeed.com/viewjob?jk=ce6747e77c861c46,Data Scientist,Boston Consulting Group 4.2 서울,,"analysis a plus, Programming... scripting exp.: eg. Python, C#, VBA, Java, Perl, etc. Experience in applied analytics..."
https://kr.indeed.com/viewjob?jk=fb617eeb80ea6fa9,AI/빅데이터/클라우드 분야 (인재 Pool),LG유플러스 3.8 서울,,"Science를 위한 언어(R/ Python) 및 Tool(scikit-learn/Tensorflow 등) 능숙자 . Deep Learning Model 구현 경험자 . Java, Python등을 이용하여 분석을 위한 Data..."
https://kr.indeed.com/viewjob?jk=97cebbaa4d8b10d3,Python 개발자 (프리랜서),엔제로 안양 동안구,,"지원자격 경력 경력 (3년이상) 학력 학력무관 성별 무관 기타 담당업무 Python 개발자 채용(프리랜서) 커리어 양식 지원 상세모집요강 접수기간... 웹프로그래머웹프로그래머, Python 전자.제어.전기하드웨어, S/W설계..."
https://kr.indeed.com/viewjob?jk=d71794dc69947981,소프트웨어 엔지니어,Nexon 성남 분당구,,주요업무 - 넥슨 글로벌 플랫폼의 게임 클라이언트 배포 시스템 및 어플리케이션 개발 지원자격 - C++ 혹은 Python 프로그래밍 언어 능숙자 - 비동기 및 병렬처리 프로그래밍 경험 우대사항 - Modern C++ (11...
https://kr.indeed.com/viewjob?jk=aea07d26df8ae423,Machine Learning Researcher – Audio and...,Qualcomm Korea YH 서울,,experience in machine learning • Programming skill in Python or C/C++ • Experience in PyTorch (preferred) or TensorFlow...
https://kr.indeed.com/viewjob?jk=8925ce6bab9d00d6,바디모션 캡처기술 인공지능(AI) 연구개발 전문기업,인공지능(AI) 연구개발 전문기업 경기도,,대한 이해 - Tensorflow/Pytorch 등 딥러닝 프레임워크에 대한 깊은 이해와 연구 개발 경험 보유 - Python/C++에 대한 능숙한 개발 경험 7) 우대사항 - 관련 분야 박사학위 소지자 - 인공지능(Deep...
https://kr.indeed.com/viewjob?jk=3a08c7089343733d,광고팀 - 분석가,Nexon 성남 분당구,,및 커뮤니케이션 능력 - (필수) 새로운 기술 습득에 능동적이고 거부감이 없는 분 - (선택) R 혹은 Python을 이용한 데이터분석 능력 - (선택) SQL 기본 활용 능력 - (선택) 통계 및 분석에 대한 이론...
https://kr.indeed.com/viewjob?jk=03c348f581125403,[검색플랫폼] 검색시스템 개발자,카카오엔터프라이즈 성남 분당구,,"책임감을 가지신 분 Java, Python, Go 중 한 가지 이상 개발이... Java, Python, Scala 중 한 가지 이상 개발 가능하신 분 UNIX(Linux) 기반 개발 경험이 있으신 분 Java, Python..."
https://kr.indeed.com/viewjob?jk=6b65a5a35da64ed3,[카카오 클라우드] 클라우드 개발자(Monitoring as a Serv...,카카오 4.2 성남 판교역,,"이하 한 가지 이상의 서비스에 대해서 초기 설계 참여, 개발, 운영을 해보신 분 java, golang, python 중 한 가지 언어를 능숙하게 사용할 수 있으신 분 람다 아키텍처 형태의 서비스 개발, 운영 경험이 있으신..."
https://kr.indeed.com/viewjob?jk=092d062a6faa7139,데이터 분석가,카카오 4.2 성남 판교역,,"이터 분석 지원자격 데이터 분석 업무를 수행할 수 있는 하나 이상의 언어 스킬 필수 (예. SQL, Python, R 등) 데이터 기반 프로젝트 경험이 있으신 분 (예: 통계 분석 프로젝트) 어떤 일이라도 중요하게 여기..."
https://kr.indeed.com/viewjob?jk=0f664927507e6f96,영상처리 개발자 각 부문 (Verilog / SW / Unity),엠앤앤에이치 서울 성동구,"연봉 30,000,000원 - 52,000,000원","W 개발 (PC, 임베디드) - H.266 비디오 스트리밍 S/W 개발 자격요건 - C/C++, Python, OpenCV 필수 - 학력 : 대졸 이상 (4년) - 경력 : 신입 ~ 경력 5년이하 우대사항 - OpenGL..."
https://kr.indeed.com/viewjob?jk=952e0a8d9bac4aea,고성능 게임 피드백 서버 개발,Nexon 성남 분당구,,"및 ML 알고리즘을 실행 하는 서버 개발 지원자격 - (필수) 한 가지 이상의 개발 언어(C++, C#, Python 등)에 숙련된 프로그래밍 능력 - RESTful API 및 TCP/UDP 서버 개발 경험 및 네트워크와..."
https://kr.indeed.com/viewjob?jk=56a8fee3f5e20ffc,[카카오페이지] 글로벌 운영 플랫폼 개발자,카카오페이지 성남 분당구,,"필요한 데이터 모델링, 데이터 관리와 제공을 위한 서버 개발, 서비스 데이터 운영을 위한 운영툴 개발 - python 기반 REST API 서버 개발 - vuejs 기반 운영 클라이언트 개발 5. 지원 자격 - 웹 서비스..."
https://kr.indeed.com/viewjob?jk=1d1a37aff94c12d7,Counter Intelligence and HUMINT Operatio...,Booz Allen Hamilton 경기도 평택,,SharePoint... creating mathematical models and coding in R and Python Knowledge... US Army's organizational structure...
https://kr.indeed.com/viewjob?jk=95ec8e0e72c787b8,흥국자산운용 위험관리팀 경력직 및 인턴,흥국자산운용 대한민국,,"자 - 경영&경제,수학,통계 등 전공자(인턴에 한함) 우대사항 - 영어 능통자 - IT 활용능력(VBA, Python) 우수자 - 금융 관련 자격증 보유자(CFA,FRM,투자자산운용사 등) - 국가보훈대상자 및 장애인은..."
https://kr.indeed.com/viewjob?jk=993c3077a05b9867,[XR Experience] 메디컬 콘텐츠 Unity 개발 경력자,테트라시그넘 서울 송파구,,통신·모바일·게임>응용프로그래머>가상현실(VR)|인터넷·IT·통신·모바일·게임>응용프로그래머>증강현실(AR)|인터넷·IT·통신·모바일·게임>응용프로그래머> Python|인터넷·IT·통신·모바일·게임>응용프로그래머>API
https://kr.indeed.com/viewjob?jk=eb45c08f4c4a43d8,Data Analyst,Axiologic Solutions 서울,,"algorithms and data manipulation capabilities using R, Python, C++, JavaScript, Go, and other known programming languages..."
https://kr.indeed.com/viewjob?jk=af96fe64997f8ef3,주요정보통신기반시설 취약점진단분석평가 전문가(경력),한국정보기술단 과천 과천시,,"자격요건] - 3년 이상 취약점분석평가 업무 경험자 - Shell, batch, Excel, VBA, Python 프로그램 개발 가능자 - 분석평가보고서, 제안서 작성 숙달자 - 기반보호법, 정보통신망법, 개인정보보호법 숙지..."
https://kr.indeed.com/viewjob?jk=c2f5f53dc48263eb,Machine Learning Researcher – On-device...,Qualcomm Korea YH 서울,,"experiences • Algorithm implementation experiences using python with deep learning platform, e.g. PyTorch, TensorFlow..."
https://kr.indeed.com/viewjob?jk=7af042b41250c1be,"서울 용산구) 응용 프로그래머 (JAVA, Python, C언어)",심네트 서울 용산구,,"(서울 용산구) 응용 프로그래머 (JAVA, Python, C언어) 모집부문 및 자격요건 모집분야 담당업무 우대사항 SW개발 ㆍAI 기반 데이터분석 SW 개발 ㆍ각종 SW 개발 경험 ㆍ정보처리기사 근무환경 근무형태 정규직 근무..."
https://kr.indeed.com/viewjob?jk=166aa0c72e94a266,Business Data Analyst,Soomgo 서울 강남구,,"즈니스에 적용하고 개선한 경험 (Google Optimize, Optimizely, 등) 우대사항 • Python 또는 R 을 사용하여 데이터 분석에 활용 가능 • 경영학, 통계학, 경제학, data analysis 등..."
https://kr.indeed.com/viewjob?jk=193bfe67eed05c31,Data Scientist,"Koniag, Inc. 대한민국",,"experience is desired Demonstrated proficiency with R or Python, and SQL to manipulate data and draw insights from large..."
https://kr.indeed.com/viewjob?jk=3833d6df4356ebf5,메이저 대형게임개발회사 크래시수집을 위한 클라이언트 프로그래머 포지션 A...,메이저 대형게임개발회사 성남 판교역,"연봉 50,000,000원 - 120,000,000원","전공] - 학사 이상 / 컴퓨터공학 전공 우대 [우대사항] - C#, JavaScript(Node.js), python, go, kotlin 등 다양한 언어에 익숙하신 분 - 게임 엔진(유니티, 언리얼) 사용 경험이 있으신..."
https://kr.indeed.com/viewjob?jk=26d1cbdbfbca34d4,[허브클랜] 비즈니스 데이터 분석가 (Business Data Analy...,카카오페이 성남 분당구,,하신 분 - SQL등을 통해 복잡한 데이터 셋에서 원하는 데이터를 추출 및 가공할 수 있으신 분 - R 또는 Python을 활용하여 분석 및 결과 리포팅이 가능하신 분 - 분석을 통해 도출된 의견을 논리적이고 체계적으로 제시...
https://kr.indeed.com/viewjob?jk=b83e48f219011128,매칭팀 - 프로그래머,Nexon 성남 분당구,,"상의 서비스 개발과 운영 - 게임 매치메이킹, 추천 시스템 개발 지원자격 - 한 가지 이상의 개발 언어( Python, C++, C#, Go 등)에 숙련된 프로그래밍 능력 우대사항 - 게임 개발 또는 라이브 서비스 경험이..."
https://kr.indeed.com/viewjob?jk=cef60a5a4a42fe95,AD Performance Dev,LINE Plus corporation 성남 서현역,,"Java, Scala 중 2개 이상의 개발 언어에 능숙한 자 - 위 언어중 1개에 익숙하고 R 또는 Python 기반으로 분석에 능숙한 자 아래 요건 중 최소 한 가지 해당 - 대용량 트래픽 서버를 개발 및 운영한..."
https://kr.indeed.com/viewjob?jk=1261d7964780dcb4,(주)웨이브웨어 2020 년도 신입사원 (개발자),웨이브웨어 대전 유성구,"연봉 25,000,000원 - 30,000,000원","유경험자 - keras/theano/tensorflow 유경험자 - python, java 유경험자 - lwjgl/jogl 을 이용한 OpenGL... tensorflow 유경험자 - python, java 유경험자..."
https://kr.indeed.com/viewjob?jk=ea5b9b6b81207221,서버 개발자,비스퀘어 성남 분당구,,"자격요건] 경력사항: 신입, 경력 무관 학력사항: 대학교(4년)졸업 이상 [필수사항] • goLang, python, Java, kotlin, node.js 중 한가지 언어 이상 개발 경험자 [우대 및 필요요건] • 프로그래..."
https://kr.indeed.com/viewjob?jk=2892c67308e87f01,Field Data Scientist,Success Korea 경기도,,"Scripting experience required (e.g. Matlab, R, Python). Familiarity with analytics... e.g. Matlab, R, Python). Familiarity..."
https://kr.indeed.com/viewjob?jk=dfcb86f156623e5c,보훈대상자 인재 채용,네오위즈 대한민국,,경험이 있는 분 - Unix(Linux) / Windows Script 작성 능력을 갖춘 분 - Java / python 개발 능력을 보유한 분 모바일게임 UA마케팅 담당자 (경력) 경력 [담당업무] - 권역별 시장...
https://kr.indeed.com/viewjob?jk=6a399a2c059ebbb1,Solutions Engineer,Confluent 서울,,Computer Science or relevant experience Proficiency in Java or Python with experience developing ETL applications What gives...
https://kr.indeed.com/viewjob?jk=bfe0f5ac4f32ec89,추천 통계분석/데이터사이언티스트,카카오 4.2 성남 판교역,,기능 기계학습 모델링 지원자격 개발 경력 3년 이상 숙련된 데이터분석 능력 데이터 사이언스를 위한 언어( Python/R) 를 하나 이상 능숙하게 다룰 수 있으신 분 분석 결과를 설득력있게 전달할 수 있는 분 우대사항...
https://kr.indeed.com/viewjob?jk=089931931a0474d5,소형전지사업부 경력,삼성SDI 3.9 충청남도 천안,,"천안 전공분야 - 컴퓨터/시스템 전자/전기 기계/산공 전문지식 - Java, C#, C++, Python - Orade (PL/SQL) - Automod, VisualComponent - 통신프로그래밍 경험자..."
https://kr.indeed.com/viewjob?jk=5e6a30865a5ba13e,서버개발자,Success Korea 성남 판교역,,"유자 - 경력 : 서버 개발경력 5년이상 - Html, JSP, PHP, Python, Javascript, Node.js 등 개발언어 능숙 - 각종... Html, JSP, PHP, Python, Javascript, Node..."
https://kr.indeed.com/viewjob?jk=21a46bffb1633cfc,2020년도 박사급 연구원 및 보안관제분야 경력직,한전KDN 전라남도 나주,,통신·모바일·게임>빅데이터·AI(인공지능)>데이터분석|인터넷·IT·통신·모바일·게임>빅데이터·AI(인공지능)> Python|인터넷·IT·통신·모바일·게임>빅데이터·AI(인공지능)>머신러닝|인터넷·IT·통신·모바일·게임>빅데이터...
https://kr.indeed.com/viewjob?jk=385f70c5ce9c86ff,Infra Platform QA,Success Korea 성남 분당구,,"사용 경험 - 자동화 툴을 이용한 테스트 코드 작성 경험자 - Python, Java 등 개발 언어 사용 경험자 [전형절차] 서류전형 - 과제전형... 테스트 코드 작성 경험자 - Python, Java 등 개발 언어 사용..."
https://kr.indeed.com/viewjob?jk=10530ea7d98370b7,Data Scientist (Analytics Modeling Exper...,Success Korea 서울,,"systems) a plus ? Experience in programming with JAVA, Python, Perl preferred ? Customer insight, customer segmentation..."
https://kr.indeed.com/viewjob?jk=7bf179a290a157b2,경험최적화파트 - 머신러닝 엔지니어,Nexon 성남 분당구,,모델 개발 - 머신러닝을 위한 솔루션 프로토타이핑 - 머신러닝 파이프라인 설계 및 구축 지원자격 - Python에 숙련된 프로그래밍 능력과 머신러닝 라이브러리 활용 경험 - 머신러닝과 강화학습에 관련된 지식 습득 혹은...
https://kr.indeed.com/viewjob?jk=f5dd2293f7ff3d16,NAVER IDC 서버 운영/관리(가산),엔아이티서비스 성남 삼평동,,"Web, WAS에 대한 지식과 System application 운영 경험 - Shell script, python 활용 가능 - 해외 데이터센터 인프라 구축 또는 운영 경험 근무조건 - 근무형태 : 정규직 - 근무지역..."
https://kr.indeed.com/viewjob?jk=483b5c30ed9ccb06,AI/ 음성인식/ 차량보안/ 빅데이터/ IoT 등 R&D 부문 경력,현대오토에버 서울 강남구,,"지식 Python,Scala 언어에 대한기본 지식 인증기술 인증기술 어플리케이션 개발 - 프로그래밍 언어 선택 1개 (Java/ Python/C++ 등... 게임>빅데이터·AI(인공지능)> Python|인터넷·IT·통신·모바일·게임..."
https://kr.indeed.com/viewjob?jk=315c65b8337d3e7a,React Native Developer,"Miso, inc 서울",,"Redux 등의 개발 경험을 보유하신 분 Golang, Node.js, Python, or Ruby 중 프로그래밍 언어 사용 가능하신 분 새로운 기술... Data Science: Go, Python Collaboration..."
https://kr.indeed.com/viewjob?jk=beb0e1b69c5e9fec,[Blade&Soul] 클라이언트 프로그래머 모집,엔씨소프트 2.8 성남 판교역,,"MMORPG 국내외 서비스 경험 - Unreal Engine 3, 4 게임 개발/서비스 경험자 - C#, Python 등 생산성이 높은 언어에 능통한 자 제출서류 포트폴리오(필수) 경력기술서(필수) 전형단계 서류전형 1차..."
https://kr.indeed.com/viewjob?jk=bb0410f95479d927,[Search] 클라우드 쿼리 플랫폼 BE 개발 신입/경력사원,네이버 서울,,이터 분석 및 시각화 [자격요건] · CS 관련 탄탄한 기본기를 바탕으로 습득이 빠르신 분 · Java / Python / C / C++ 중 1 개 이상의 언어로 개발 가능 · 리눅스 환경에서 개발 및 운영 경험 [우대사항...
https://kr.indeed.com/viewjob?jk=f4190a8dbb8c05b1,[AI R&D] Language AI(NLP) Research 분야 수시...,엔씨소프트 2.8 성남 판교역,,"분 - 통계/Machine Learning에 대한 이해와 활용 능력 및 text 처리 기술에 대한 경험 - Python, Java 등을 이용하여 NLP 기술을 구현 가능한 분 - 최신 기술(논문, 기술문서 등)을 습득하는..."
https://kr.indeed.com/viewjob?jk=5f7222791202743b,Senior Cloud Reliability Engineer,SAP 4.3 서울,,"K8S, Git/Gerrit, and some development languages... Python, Go, Java, Javascript, etc. Practical experience in technical..."
https://kr.indeed.com/viewjob?jk=56fe0e390c06afc3,Browser 엔지니어,Success Korea 성남 판교역,,"개발 환경 유 경험자 우대 (QNX, 리눅스 등) 중급 이상의 기술 지식 보유 :: C / C++ / Python 초급 이상의 지식 보유 :: HTML5 / JavaScript, Node.JS / QT 초급 이상의..."
https://kr.indeed.com/viewjob?jk=eaee1538d8cc832f,메시지발송 플랫폼 개발자,Nexon 성남 분당구,,"개발 가능하면서 python 개발 경험 소유자(또는 Python 개발 가능... NET 또는 python 개발 경력 5년이상 - 자동화를 위한 스크립트(powershell, bash, python 등) 경험 - Windows..."
https://kr.indeed.com/viewjob?jk=3b752abecf619fe5,플랫폼 채팅모듈 개발자,Nexon 성남 분당구,,"대사항 - 대규모 동시 접속 및 고용량 데이터 처리 경험 - Unix/Linux 시스템에 대한 이해 - Python, Java, Event-Driven Framework에 대한 이해 - TCP/IP와 네트워크 프로그래밍..."
https://kr.indeed.com/viewjob?jk=0df2999925f12355,Sr. Back-end Engineer (Query Understandi...,Coupang 3.0 서울,,"학사 학위 한 가지 혹은 그 이상의 범용 프로그래밍 언어 (Java, Python and C/C++)를 사용한 소프트웨어 개발 경험 MapReduce... languages (Java, Python and C/C++..."
https://kr.indeed.com/viewjob?jk=7ec427b3a561228a,Sr. Quantitative UX Researcher (UX Resea...,Coupang 3.0 서울,,"우선 순위와 솔루션을 제시 자격 요건: 최소 4년 이상의 데이터 분석 관련 경험 SQL, Excel, Python, R/SAS 등 통계 분석용 소프트웨어 활용 경험 데이터와 인사이트를 시각화하여 간단 명료하게 커뮤니케..."
https://kr.indeed.com/viewjob?jk=54a07508e05274ad,게임플랫폼 서버개발,Success Korea 성남 서현역,,"구현 [자격요건] - Java / scala (이외 C++, Go, Python 등)을 이용한 서버 개발 경력 3년 이상 - 오픈소스 기술을 바탕으... scala (이외 C++, Go, Python 등)을 이용한 서버 개발..."
https://kr.indeed.com/viewjob?jk=82f2101abe605330,"대기업 빅데이터 분석 시스템 개발 및 운영 (Linux,Spark, Py...",차량IT 전문 기업 (대기업) 서울,,"를 이용한 분산처리 개발 경험자 - Python/Scala/Java 중 1개 이상 개발 경험자 [기술 스택] - OS : Linux, Hadoop Cloudera 플랫폼 - 개발언어 : Python, Apache Spark..."
https://kr.indeed.com/viewjob?jk=694ab958318e7fdc,RTL 및 ASIC 설계 엔지니어(딥러닝 하드웨어 프로세서 개발),딥엑스 성남 분당구,"연봉 40,000,000원 - 99,990,000원","모델의 RTL IP 설계 및 IP 검증 가능자 - Language: Python/Perl, C/C++ [우대 조건] - ARM based SoC 설계... 게임>빅데이터·AI(인공지능)> Python|인터넷·IT·통신·모바일·게임..."
https://kr.indeed.com/viewjob?jk=52b0b1936e8b4732,모바일게임 서버개발자 모집,Success Korea 성남 서현동,,"및 구성 경험 1년이상: - PHP, Node.js, ASP.NET, Python, Java 언어에 대한 제한은 없음. - HTTP, JSon... Node.js, ASP.NET, Python, Java 언어에 대한 제한은..."
https://kr.indeed.com/viewjob?jk=312b23a00d062a8f,"대기업 (연구센터) NLP 경력자, 석사이상",금융대기업 연구소 서울,,"관련 전공) - NLP 관련(자연어처리/텍스트마이닝/머신러닝/딥러닝 모델) 연구개발 경력자 - 프로그래밍( Python, C/C++, Java 등) 가능자 [우대사항] - NLP관련 솔루션 설계 및 개발 경험 - AI관련..."
https://kr.indeed.com/viewjob?jk=05f98eb7cf040f64,클라우드 보안 담당자 모집,넷마블 서울 구로구,,"경험 있으신 분 - Docker(도커) 및 Kubernetes(쿠버네티스) 등 컨테이너 기술 경험이 있으신 분 - Python, Perl, Bash Script 사용 가능하신 분 - OS(Windows, Linux), DB..."
https://kr.indeed.com/viewjob?jk=26cc815d5498f436,머신러닝기반 데이터분석[1차],Success Korea 서울 선릉역,,"대졸 이상 - 통계학, 수학, 산업공학, 컴퓨터공학 전공 - R 또는 Python 사용경험 보유 [우대사항] - 석사/박사 학위 소지자 - 머신러닝... 공학, 컴퓨터공학 전공 - R 또는 Python 사용경험 보유 [우대사항..."
https://kr.indeed.com/viewjob?jk=3da2537c07ea7706,Platform server 개발자,Success Korea 성남 분당구,,"scala (이외 C++, Go, Python 등)를 이용한 서버 개발... 사용) 자격요건 -Java / scala (이외 C++, Go, Python 등)를 이용한 서버 개발 경력 3년 이상이신 분 -오픈소스 기술을..."
https://kr.indeed.com/viewjob?jk=d489908adc2560c8,네트워크 장비 QA 엔지니어,Success Korea 성남 판교역,,Segment Routing 에 대한 경험이 있으면 선호됨 - Python 프로그래밍이 가능하면 선호됨 - 테스트 플랜 및 테스트 수행이 가능해야... 대한 경험이 있으면 선호됨 - Python 프로그래밍이 가능하면 선호됨...
https://kr.indeed.com/viewjob?jk=4e0955c3ef105b50,"대기업 컨텐츠 서비스, 검색 서비스 테스트 및 품질관리",차량IT 전문 기업 (대기업) 서울,,"언어를 활용한 JSON, 바이너리 파싱 [기술 스택] - OS : Unix 계열(Linux 등) - 언어 : python, sql(spatial) 등 [우대 역량 및 경험] - 컨텐츠, 검색결과 품질 정량화(지표화) 경험..."
https://kr.indeed.com/viewjob?jk=29f023eff21a6f01,Cloud Infra Platform Architect (10년 이상),Success Korea 대한민국,,"험자 - IaC, CI/CD 관련 업무 경험자 ( Terraform, Ansible 등 ) - Java, Python, Go 중 한가지 언어를 능숙하게 사용 - Public/Private Cloud Architect 유 경험..."
https://kr.indeed.com/viewjob?jk=e96c0409b4d2b8b5,전산실 MIS 개발 운영 담당자 채용,Success Korea 성남 판교역,,"웹 어플리케이션 개발 역량 - Spring 3x 이상 사용 가능 - Python 개발 가능 (django framework 사용 가능, 전반적인... 3x 이상 사용 가능 - Python 개발 가능 (django..."
https://kr.indeed.com/viewjob?jk=4d4ead57671172bc,대기업 길안내 및 교통정보 서비스 테스트 및 품질관리,차량IT 전문 기업 (대기업) 서울,,"스트(실차 테스트) 경험 - 프로그래밍 언어를 활용한 JSON, 바이너리 파싱 [기술 스택] - 언어 : python, sql, sql(spatial) - 툴/SW : 범용 GIS 툴(Q-GIS 등) [우대 역량 및 경험..."
https://kr.indeed.com/viewjob?jk=d498993697237b33,AI(인공지능) 개발자,휴먼디지털 서울,,를 활용한 Machine Learning(Deep Learning) 개발 경험자 우대 3. C/C++/C#/ Python 등 프로그래밍 경험자 우대 4. 분산시스템에 대한 이해가 있는 분 우대 근무지 서울 연봉 회사내규에따름...
https://kr.indeed.com/viewjob?jk=643ef4db65461d01,"[(주)데이터누리] Java 개발자 신입, 경력",데이터누리 서울 강서구,,및 Web App) 가능 Python 개발(System 및 Internet... 모바일·게임>응용프로그래머> Python|인터넷·IT·통신·모바일·게임>웹프로그래머>JAVA|인터넷·IT·통신·모바일·게임>웹프로그래머> Python
https://kr.indeed.com/viewjob?jk=c495ae06620d2544,Junior and/or Senior S/W Engineers for C...,Success Korea 서울,,5 years of work experience in C and Python programming ?Minimum of 3 years of work... experience in C and Python programming...
https://kr.indeed.com/viewjob?jk=d585814d097935eb,카카오톡 보이스톡/페이스톡/라이브톡 개발자,카카오 4.2 성남 판교역,,"우대 사항 ✓ Spring/Java 혹은 Spring/Kotlin 기반 서버 개발 경험 ✓ MySQL, Python, JavaScript, Node.js 경험 ✓ 모바일/웹 환경을 위한 API 시스템 개발 경험 ✓ k8s..."
https://kr.indeed.com/viewjob?jk=7772fd53bc80acde,Senior Business Analyst (Retail Program...,Coupang 3.0 서울,,ecommerce or internet services business Experience with Python is a plus Experience with financial modeling/forecasting...
https://kr.indeed.com/viewjob?jk=2d7b16bcf6fa8c8f,Cloud Infrastructure (DevOps) Engineer,Sendbird 서울,,"e.g. Python) and automation skills... Unix/Linux systems Understanding of Python, Java, and Event-Driven Frameworks..."
https://kr.indeed.com/viewjob?jk=5ffd748902087b4e,[Search] 클라우드 AI 플랫폼 BE 개발 신입/경력사원,네이버 서울,,신러닝 플랫폼 개발 [자격요건] · CS 관련 탄탄한 기본기를 바탕으로 습득이 빠르신 분 · Java / Python / Go 언어 중 1 개 이상의 언어로 개발이 가능한 분 · 리눅스 환경에서 개발이 가능하신 분 [우대...
https://kr.indeed.com/viewjob?jk=6ae76a6437a8a2b6,Solution Architecture: Starts-Up/Gaming,Success Korea 서울,,"modern development languages... Ruby, Python and Node.js - Experience working... languages... Ruby, Python and Node..."
https://kr.indeed.com/viewjob?jk=f6e50a2c31a16f79,Imaging Scientist,Success Korea 경기도 화성,,"사용 가능 - OPC, LMC, Tachyon의 DRO 등 - Data analysis : Matlab, Python - Layout handling : Logic Library design 능력 우대 [전형절차] - 1차..."
https://kr.indeed.com/viewjob?jk=98f1d7a579da7730,Messenger Data Analytics and AI Platform...,Success Korea 성남 분당구,,"기반한 가설/모델 수립과 이를 검증하기 위한 시각화 [자격요건] - Python, Java, Scala, Kotlin, Node.js 등 최소 한가... 이력서 자격요건 - Python, Java, Scala, Kotlin..."
https://kr.indeed.com/viewjob?jk=86a47dc8924f3275,AD Machine Learning Engine 개발,Success Korea 성남 분당구,,"수식을 보고 개발하는 것에 부담이 없으신 분 - Java, Python 외의 새로운 언어 사용에 부담이 없으신 분 - Hadoop, Spark... 부담이 없으신 분 - Java, Python 외의 새로운 언어 사용에 부담..."
https://kr.indeed.com/viewjob?jk=615168b399422305,Back End Software Engineer,Sendbird 서울,,maintaining back-end web applications Proficient in Python and Django or equivalents Expert level knowledge of running RDBMS...
https://kr.indeed.com/viewjob?jk=edb97f49613c2dd0,EEFA,Success Korea 인천 송도동,,"development, Embedded system engineering 경력 우대 - Firmware, Python, C programing 경험 우대 [전형절차] 서류전형, 인성검사, 면접전형(1차/2차), 건강검진..."
https://kr.indeed.com/viewjob?jk=f9c492daa7d5c940,머신러닝기반 데이터분석_신입[3차],Success Korea 서울 선릉역,,"요건] - 대졸 이상 - 통계학, 수학, 산업공학 전공자 - R 또는 Python 사용경험 보유 [우대사항] - 석사/박사 학위 소지자 - 머신러닝... 수학, 산업공학 전공자 - R 또는 Python 사용경험 보유 [우대사항..."
https://kr.indeed.com/viewjob?jk=fee56fb9223065b1,서버 개발자,유명메신저회사 서울 강남구,,"서비스를 만들기 위해 노력하시는 분 [ 우대사항 ] - 확장성 있는 서버 아키텍처에 대한 이해 - Java, Python, Scala 를 이용한 개발 경험 - 오픈소스 활동 경험 - 채팅, RPC, WebRTC에 대한 경험..."
https://kr.indeed.com/viewjob?jk=dae2c7e9525b116a,Media Delivery Server 개발,Success Korea 성남 분당구,,"서비스 운영에 필요한 script 개발이 가능하신 분: shell, python, perl, scala 등 사용 - HTTP(RESTful) API... 가능하신 분: shell, python, perl, scala 등 사용..."
https://kr.indeed.com/viewjob?jk=e298bc5ffa9aa646,"대형 저축은행, Data Science, ICT 기획 및 개발(뱅킹시스템...",주식회사 코어포인트 서울 구로구,"연봉 40,000,000원 - 60,000,000원","평가시스템 나. 요구역량/우대사항 - 필수사항 : 담당업무 관련 경력 3년 이상, 30대 초/중반 - R, Python, Excel 활용 가능자 - 해당 본부는 소비자금융본부임 2. ICT 기획팀 담당(대리/계장) 채용..."
https://kr.indeed.com/viewjob?jk=7ab0eeaa9b519340,Senior Data Scientist,레이니스트 서울,,"이해하고 활용하는데 어려움이 없으신 분 데이터 분석/모델링을 위한 언어 및 프레임워크 사용에 익숙하신 분 ( Python, R, SQL, Pandas, TensorFlow, Pytorch, Spark 등) 회사 내부 구성원들과..."
https://kr.indeed.com/viewjob?jk=528f6bfd19115fe1,웹개발자,매장공유기 서비스 서울,,"[담당 업무] -node.js/ python/react.js... 개발팀 사용 스펙(AWS, Typescript , node.js, python, mongo db, Linux)을 사용할 줄 아는 분 - 네트워크에..."
https://kr.indeed.com/viewjob?jk=2e7b4cdaddc82b04,Surfacing,Mofac 서울 서초구,,"UV 매핑, 텍스쳐 과정 등 전과정에 대한 이해 – 타 파트와 긴밀한 협조 능력 우대사항 – Maya, Python 가능자 – Hair, Fur 작업 가능자 전형절차 서류전형 1차 실무면접 2차 임원면접 최종합격 서류전형..."
https://kr.indeed.com/viewjob?jk=521e6790bfc52607,제어 엔지니어,Success Korea 성남 중원구,,"중국어 등) - 언어 개발 가능자 (Visual Basic, C#, Python) - 모터 튜닝 가능자 [전형절차] 1차 면접, 2차면접... Visual Basic, C#, Python) - 모터 튜닝 가능자..."
https://kr.indeed.com/viewjob?jk=54ce47c4db974112,DGIST HumanLAB(인간중심지능형시스템연구실) 연수연구원 채용 공...,대구경북과학기술원 대구 현풍면,,경험자 Matlab 또는 Python 활용 능력 우수자 국가연구... 프트웨어 설계 및 구현 가능자 Matlab/Simulink 또는 Python 활용 능력 우수자 국가연구 개발(R&D)사업 참여 경험자 영어...
https://kr.indeed.com/viewjob?jk=d1dd97da8d0c637a,자바(JAVA) 개발자 양성과정 교육 참여자,중앙에이치티에이 서울 종로구,,로그래머>증강현실(AR)|인터넷·IT·통신·모바일·게임>응용프로그래머> Python|인터넷·IT·통신·모바일·게임>응용프로그래머>머신러닝(ML)|인터넷... 통신·모바일·게임>웹프로그래머> Python|인터넷·IT·통신·모바일·게임...
https://kr.indeed.com/viewjob?jk=98ce457f0c17a02e,Junior and/or Senior S/W Engineers for H...,Success Korea 서울,,5 years of work experience in C and Python programming ?Minimum of 3 years of work... experience in C and Python programming...
https://kr.indeed.com/viewjob?jk=bfbd2861dfee310b,Senior Backend Developer,Calm Island 서울,,"skills in Korean or English Bonus Skills Experience with Python Experience with Redis, Memcached or similar Experience..."
https://kr.indeed.com/viewjob?jk=eade43a056215708,게임 인공지능(AI),Success Korea 성남 분당구,,"등을 활용한 AI개발 경험이 있으신 분 -C/C++ 혹은 Java, Python 등 프로그래밍 능력이 있으신 분 [우대사항] -Cocos2d-X... 분 -C/C++ 혹은 Java, Python 등 프로그래밍 능력이 있으신..."
https://kr.indeed.com/viewjob?jk=891673055e77db43,머신러닝기반 데이터분석[2차],Success Korea 서울 선릉역,,"대졸 이상 - 통계학, 수학, 산업공학, 컴퓨터공학 전공 - R 또는 Python 사용경험 보유 [우대사항] - 석사/박사 학위 소지자 - 머신러닝... 공학, 컴퓨터공학 전공 - R 또는 Python 사용경험 보유 [우대사항..."
https://kr.indeed.com/viewjob?jk=dd1ff2fc6d2e3e4e,인공지능(AI)·빅데이터 부문 기획자·개발자,aroasoft 서울 강남구,"월급 2,000,000원","개발자를 찾습니다. ㆍ다양한 분야 데이터를 통한 사업 기획 ㆍ데이터 분석 및 딥러닝 알고리즘 개발 보유경험 ㆍ Python, R, SQL 활용 가능신 분 ㆍ데이터 분석 및 통계학에 대한 지식을 보유하신 분 ㆍ딥러닝 라이브러리..."
https://kr.indeed.com/viewjob?jk=4a41ee50fde3dd9a,네이버웹툰(주) 빅데이터 플랫폼 개발자(경력) (상시),네이버 서울,,"대용량 데이터 설계에 대한 기본 지식과 모델링 경험이 있으신 분 - Java / Javascript / Python 개발경험과 프로그래밍 기본 지식을 가지신 분 - API 서버, 웹서버 개발과 유지보수 경험이 있으신 분..."
https://kr.indeed.com/viewjob?jk=98c2229e57d4ee1f,전기전자컴퓨터공학부(바이오컴퓨팅연구실) 위촉연구원,광주과학기술원 광주 북구,,"국가보훈대상자(취업보호대상자) 및 장애인은 관련 법령에 의거하여 우대 ② 컴퓨터 프로그램밍 (Matlab, Python, C++등) 가능자 ③ 뇌파 측정 및 분석 2년 이상 경력 ➃ 딥러닝 기술 개발 경험 결격사유..."
https://kr.indeed.com/viewjob?jk=b5d086ce8b1b9497,Cloud Solution Engineer (Database),Oracle 3.8 서울,,"타 오라클 제품과 오라클 데이터베이스 연동 경험 - 어플리케이션 개발 경험 : Java, Node.js, Python 등 - DB 마이그레이션 경험 - 타 클라우드 DB 서비스(AWS, Azure, GCP 등) 경험..."
https://kr.indeed.com/viewjob?jk=23c508d0e45dfac7,리눅스 엔지니어 경력직,와이엘아이티 서울 구로구,"연봉 30,000,000원","Kubernetes) 기반 Private Cloud 구축 및 운영 [우대조건] 스크립팅 능력(bash, perl, python, ansible) 관련 자격증 보유자 - 경력조건 경력 필요경력 3년 0개월 자격면허 1 정보처..."
https://kr.indeed.com/viewjob?jk=a6df161cf8e96140,게임 딥러닝 AI 개발,Success Korea 성남 분당구,,"러닝 모델 설계 및 구축 경험 -능숙한 C/C++ 혹은 Java, Python 등 프로그래밍 능력 [우대조건] -Cocos2d-X / Unity3D... 숙한 C/C++ 혹은 Java, Python 등 프로그래밍 능력 [우대조..."
https://kr.indeed.com/viewjob?jk=df74b7da19e7058c,"Principal, System Engineer (Coupang Pay_...",Coupang 3.0 서울,,"데이터센터 인프라 자산 도입/계약/유지보수 자격 요건: System Engineer 경력 8년 이상 Python, Shell 프로그래밍 및 REST API 활용 경험 Ansible 을 활용한 Infrastructure..."
https://kr.indeed.com/viewjob?jk=1b17d214a0d694f1,머신러닝기반 데이터분석_신입[4차],Success Korea 서울 선릉역,,"알고리즘 및 모델 연구개발 [자격요건] - 대졸 이상 - R 또는 Python을 활용한 데이터 처리 및 분석 프로젝트 경험 - 수학, 통계, 산업공... 자격요건 - 대졸 이상 - R 또는 Python을 활용한 데이터 처리 및..."
https://kr.indeed.com/viewjob?jk=7ab72b2f19e2425d,Back-end Engineer 경력 채용,주식회사 카사코리아 관심기업 서울 삼성동,,"클라이언트와 통신을 위한 API 설계 및 구현 [자격요건] - C++, JAVA, Node.js, Python, Go 중 하나 이상의 언어 능통자 - 프로덕션 환경에서 지속적인 서비스 개선 및 운영 경험 - 웹 기술 및..."
https://kr.indeed.com/viewjob?jk=a3466ccc9a114807,데이터 분석,Success Korea 성남 분당구 +1 지역,,"관련 학과 또는 유관 교육과정을 이수하신 분 -데이터 분석 툴(R, Python등) 활용한 통계 및 Machine learning 가능하신 분 -외국... 분 -데이터 분석 툴(R, Python등) 활용한 통계 및 Machine..."
https://kr.indeed.com/viewjob?jk=297e6568c740f98e,iOS Developer,Bepro Company 서울,"연봉 40,000,000원 - 80,000,000원",참고 - React JS (Web) / Kotlin (Android) / Swift (iOS) - Python + Django - AWS lambda + API gateway - MySQL - Google Cloud...
https://kr.indeed.com/viewjob?jk=c67e69651d93a210,모바일 캐쥬얼게임 데이터 분석,Success Korea 성남 분당구,,"능자 [우대사항] - 오픈소스 데이터분석 라이브러리 활용 가능자 ( Python, R 등) - 통계 및 빅데이터 관련 학과 또는 유관 교육 과정 이수... 터분석 라이브러리 활용 가능자 ( Python, R 등) - 통계 및 빅데이..."
https://kr.indeed.com/viewjob?jk=768284644b19863f,"데이터 분석가(수집,분석,검증,결과보고) 경력직",어니컴 서울 태평로1가,"월급 1,800,000원",과장급 [요구능력] - 분석과제 1개를 전담 수행 가능 - 분석 프로그래밍 (프로그래밍 언어 : R 혹은 Python) 1) 데이터 적재 및 처리 2) 데이터 분석 및 모델링(기계학습 혹은 통계학적 모델링 알고리즘 라이브버...
https://kr.indeed.com/viewjob?jk=8b5d08f5b64e487c,블록체인/이머징 핀테크 사업 보안 엔지니어,Success Korea 성남 분당구,,"개발 경험이 있으신 분 - 보안 코드 리뷰 가능하신 분 - Java, Python 등 개발 언어 사용에 익숙하신 분 - 주체적으로 일을 진행하고 리드... 리뷰 가능하신 분 - Java, Python 등 개발 언어 사용에 익숙하신..."
https://kr.indeed.com/viewjob?jk=04f3458db4cc1f14,데이터 엔지니어,에이치알 코리아 대한민국,,"유명 it 회사 Position 1: 데이터 엔지니어(대리~차장급 분야 별로 여러 명 채용) - JAVA 또는 Python 개발 가능자 또는 DBA, DW 설계 가능자 - Database / SQL 에 대한 중급 이해도 보유..."
https://kr.indeed.com/viewjob?jk=c591fa673f8113c5,DevOps 엔지니어(과장~차장급),TV홈쇼핑 성남 판교역 +1 지역,,"AWS 경험 2년 이상) - 퍼블릭 클라우드 구축 경험 - 다음 중 하나의 언어를 이용한 업무 자동화 기능 : Python, Node.js, Go - 클라우드 기반 시스템 구축 & 운영 자동화 경험 (Ansible, Chef..."
https://kr.indeed.com/viewjob?jk=736c75e6528f5bb4,보안 엔지니어,Success Korea 성남 분당구,,"코드 리뷰 가능하신 분 - 보안 기술 연구 가능하신 분 - Java, Python 등 개발 언어 사용에 익숙하신 분 - 주체적으로 일을 진행하고 리드... 연구 가능하신 분 - Java, Python 등 개발 언어 사용에 익숙하신..."
https://kr.indeed.com/viewjob?jk=c4b2b8161d93ffd2,머신러닝 서비스 개발 경력사원 (3년 이상),레드소프트 서울 구로구,,"록하기 지원양식 커리어 온라인 이력서 직무/산업 직무별(직종) 웹프로그래머웹프로그래머, JSP, JAVA, Python 응용프로그래머응용프로그래머, Linux, Oracle 산업별(업종) 솔루션.ASP.소프트웨어 소프트웨어개발"
https://kr.indeed.com/viewjob?jk=db55ee61f98e6816,DGIST 동반진단의료기술융합연구실 계약직 연구원 채용 공고,대구경북과학기술원 대구 현풍면,,데이터 통계 분석 AI 기반 데이터 분석을 위한 대용량 고속 데이터 처리 DB 구축 우대 사항 Python/Jave 기반 생체 정보 데이터 분석 경험자 대용량 고속 데이터 처리 DB 구축 경험자 급여수준...
https://kr.indeed.com/viewjob?jk=f5db97b4d95cbc04,VP of Engineering,"Miso, inc 서울",,"분 제품을 전체적으로 리드할 수 있는 분 Golang, Node.js, Python, or Ruby 프로그래밍 언어 중 1개 이상 사용 가능하신 분... Data Science: Go, Python Collaboration..."
https://kr.indeed.com/viewjob?jk=5bc622575fee61b8,Data Scientist,하이퍼커넥트 서울,,"가이드 자격요건 최소 2년 이상의 데이터 과학 및 분석 실무 경력 능숙한 SQL 구현 역량 및 실무 경험 Python 또는 R 분석 코드 구현 역량 및 실무 경험 머신러닝에 대한 기본 이해 우대사항 개인화, 최적화 등..."
https://kr.indeed.com/viewjob?jk=b6a69d4f4e0a3017,네이버웹툰(주) AI 어플리케이션 엔지니어(경력) (상시),네이버 서울,,"분석 및 해결 능력이 뛰어나신 분 - 기술 습득이 빠르고 새로운 분야에 적응 할 수 있는 분 - Java, Python or C/C++등 하나 이상의 언어에 능숙하신 분 • 우대사항 - 머신러닝 서빙 개발 경험이 있으신 분..."
https://kr.indeed.com/viewjob?jk=62188527e0229352,DGIST-ETH 마이크로로봇연구센터 계약직 직원(Post-doc) 공개...,대구경북과학기술원 대구 현풍면,,"COMSOL, ANSYS 등) 사용 경험자 우대 MATLAB, Python 등을 사용한 기본적인 프로그래밍 경험자 우대 MEMS/BioMEMS... 경험자 우대 MATLAB, Python 등을 사용한 기본적인 프로그래밍..."
https://kr.indeed.com/viewjob?jk=8a3959ab234e83de,Data Platform Engineer,Toss 서울 강남구,,"통한 데이터 적재 및 활용 경험이 있는 분 - 모니터링 환경 및 자동화 구축을 위한 프로그래밍 능력(Java, Python 등)을 갖춘 분 # 우대 사항 - 하둡 에코시스템을 서비스에 맞게 재구성하거나 개선한 경험이 있는 분..."
https://kr.indeed.com/viewjob?jk=1961cdd73f62c880,"Specialized Solutions Architect III, Ana...",Amazon Web Services Korea LLC 서울,,"Knowledge... least one or more programing languages... Python, Java and Scala. · Hands on experience leading large..."
https://kr.indeed.com/viewjob?jk=a0b45579980662e5,광고플랫폼 Data Scientist,Success Korea 성남 분당구,,"기반의 데이터 분석 및 모델링을 위한 전문 지식보유 - R, Java, Python, Scala 등을 활용한 데이터분석 및 알고리즘 개발 - 데이터... 지식보유 - R, Java, Python, Scala 등을 활용한 데이터분..."
https://kr.indeed.com/viewjob?jk=c115ec2b2872a3e8,"금융대기업 (연구소) NLP (Text Mining) 경력자, 책임-수석...",금융대기업(연구센터) 서울,"연봉 80,000,000원 - 120,000,000원","자연어처리/텍스트마이닝/머신러닝/딥러닝 모델) 연구개발, 과제관리, 조직관리 경험자 - 프로그래밍( Python or C/C++ or Java 등) 경험자 [우대사항] - NLP관련 솔루션 설계 및 개발 경험 - AI..."
https://kr.indeed.com/viewjob?jk=ff5c7f7e7c6e94cf,대기업(연구소) AI 플랫폼연구 석사이상,금융대기업(연구센터) 서울,,Scientific process 에 대한 이해 및 경험 - 기계학습 알고리즘 구현 또는 활용 경험 - R/ python/scala/java/javascript/typescript 중급 이상(택1) - Hadoop...
https://kr.indeed.com/viewjob?jk=bdc7ff4fe680136c,Cloud Solution Engineer (Migration & Int...,Oracle 3.8 서울,,"타 클라우드(AWS, Azure, GCP) Migration/Integration 경험 - Java, Python 등 개발언어 사용 능력 - 오픈소스 환경에서 개발 및 운영 경험 : Apache, Tomcat, MySQL 등..."
https://kr.indeed.com/viewjob?jk=9681ee519a4f870e,게임밸런스 (게임 시뮬레이터),Success Korea 성남 분당구,,프로그램 개발 경력 3년 이상이신 분 (언어 불문) -Scala 혹은 Python 등 새로운 언어의 학습 의지가 있으신 분 -숫자에 대한 감각이 있으... 언어 불문) -Scala 혹은 Python 등 새로운 언어의 학습 의지가...
https://kr.indeed.com/viewjob?jk=a3f7e859f78c3856,게임플랫폼 Server 개발,Success Korea 경기도 성남,,"scala (이외 C++, Go, Python 등)를 이용한 서버 개발... 사용) 자격요건 - Java / scala (이외 C++, Go, Python 등)를 이용한 서버 개발 경력 3년 이상 - 오픈소스 기술을 바탕..."
https://kr.indeed.com/viewjob?jk=18647b6687b43e04,게임서버 개발,Success Korea 성남 분당구,,"및 배포 시스템 구축과 개선 [자격요건] - Javascript, Python, C# 등을 사용하여 API 서버 개발, 설계가 가능하신 분 (API... 격요건 - Javascript, Python, C# 등을 사용하여 API..."
https://kr.indeed.com/viewjob?jk=61b74d6410db2780,"Sr. Manager, Data Engineering (Data Plat...",Coupang 3.0 서울,,"tool experience other than SQL / Database. For example, Jave, Python, C# etc. Agile development process experience Manager..."
https://kr.indeed.com/viewjob?jk=4f5a597bf35e85ca,Principal HPC Solution Architect,Amazon Web Services Korea LLC 서울,,"system · A demonstrated ability to script or code in python, ruby, bash, perl, c, FORTRAN, or java · Knowledge of various..."
https://kr.indeed.com/viewjob?jk=b3dc36f873b9e4e3,2020 Market Data Analyst - Seoul (Korean Speaker),Bloomberg 서울,,"languages (e.g. Python, R, JavaScript... programming/scripting languages (e.g. Python, R, JavaScript, Java) as well as SQL..."
https://kr.indeed.com/viewjob?jk=66a7dfe3f1dd64ad,Senior Developer for HANA Cloud Service...,SAP 4.3 서울,,"work in an international team... proactive Go language, Python or shell script programming skills Preferred skills..."
https://kr.indeed.com/viewjob?jk=ff2f8c996186ab4d,Cloud Application Architect - Profession...,Amazon Web Services Korea LLC 서울,,"any... following: Python, Java, Node... 테크니컬 어플리케이션 아키텍처로 대규모 어플리케이션 구축 현장경험 · Python, Java, Node.js, Ruby, .NET, Go, Scala..."
https://kr.indeed.com/viewjob?jk=71ecd14b3431ac40,Cloud Platfrorm 개발 및 운영,Success Korea 성남 분당구,,"격요건] -OpenStack 에 대한 지식 및 경험이 풍부하신 분 - Python, Perl, PHP, Java 중 개발 경험이 있으신 분 -Linux... 지식 및 경험이 풍부하신 분 - Python, Perl, PHP, Java..."
https://kr.indeed.com/viewjob?jk=b3dc36f873b9e4e3,2020 Market Data Analyst - Seoul (Korean Speaker),Bloomberg 서울,,"languages (e.g. Python, R, JavaScript... programming/scripting languages (e.g. Python, R, JavaScript, Java) as well as SQL..."
https://kr.indeed.com/viewjob?jk=feb6f27fec2c9dc3,Senior DevOps Engineer,레이니스트 서울,,"테스팅 자동화, 배포 자동화, 소프트웨어 구성관리 등을 포함한 DevOps 플랫폼 구축 및 운영 경험 보유 Python/Node/shell script 을 활용하여 스크립트 및 컴파일된 응용프로그램과 자동화 코드 작성 가능..."
https://kr.indeed.com/viewjob?jk=1e0f910c427f76e1,중급개발자,소명소프트 서울 송파구,"월급 2,800,000원 - 3,000,000원",경력 학력 - 성별 무관 기타 담당업무 웹프로그램 서버단 프로그램 스프링 프레임워크 전자정부 프레임워크 Python언어/ 대용량서버 경험 상세모집요강 접수기간/방법 시작일 2020.7.28 (화) 마감일 2020.8...
https://kr.indeed.com/viewjob?jk=7a08f5e589b10a00,"Senior, Software Engineer (Search Qualit...",Coupang 3.0 서울,,"경험 Java, Scala, Python 등의 객체 지향 언어에서 3년... Object Oriented language, Java, Scala, Python Data processing... Hadoop cluster..."
https://kr.indeed.com/viewjob?jk=cb663654c2b397f3,"Sales Engineer, Sr II",Synopsys 서울,,"Objective-C, and scripting languages... JavaScript, Perl and Python, and CI/CD environment... Jenkins, GitHub, JIRA..."
https://kr.indeed.com/viewjob?jk=ec311e5136ff2c6e,Principal Business Analysis (Logistics S...,Coupang 3.0 서울,,"보유자 SQL, Excel, Python, R/SAS 혹은다른 통계 분석... who has experience with SQL, Excel, Python, and R/SAS or any statistical package..."
https://kr.indeed.com/viewjob?jk=b3dc36f873b9e4e3,2020 Market Data Analyst - Seoul (Korean Speaker),Bloomberg 서울,,"languages (e.g. Python, R, JavaScript... programming/scripting languages (e.g. Python, R, JavaScript, Java) as well as SQL..."
https://kr.indeed.com/viewjob?jk=297e6568c740f98e,iOS Developer,Bepro Company 서울,"연봉 40,000,000원 - 80,000,000원",참고 - React JS (Web) / Kotlin (Android) / Swift (iOS) - Python + Django - AWS lambda + API gateway - MySQL - Google Cloud...
https://kr.indeed.com/viewjob?jk=af5683389907a8c9,백엔드 개발자 (경력),크로스앵글 서울 반포동,,"데이터 관리 (Auth0) - 블록체인 지갑 인증 (Ethereum, EOS) [자격요건] - 백엔드 & Python 실무 개발경험 3년 이상 혹은 그에 준하는 능력을 갖고 있으신 분 - 새로운 기술에 대해 호기심을 갖고..."
https://kr.indeed.com/viewjob?jk=ad3dfd853ea7ef40,Credit Risk 모델러,Toss 서울 강남구,,"에 대한 폭넓은 이해와 분석적 능력을 보유하신 분 - SAS, SQL, KnowlegeSEEKER, Python, R 등 Tool사용 가능하신 분 - 원활한 커뮤니케이션 가능하신 분 # 우대 사항 - 바젤 및 IFRS9관련..."
https://kr.indeed.com/viewjob?jk=0a75173d58672612,파이썬(장고) 백엔드 개발 경력자,스토리앤브라더스 서울 구로구,"연봉 40,000,000원",구로구 공원로 선경오피스텔 212호 인근지하철 직무내용 <담당업무> - 웹 및 모바일 백엔드 개발 및 운영( Python Django 기반) - 구글 클라우드(GCP) 기반 웹 서버 및 데이터베이스(MySQL) 구축/운영...
https://kr.indeed.com/viewjob?jk=6679e8bd774098f8,RDBMS / NoSQL 운영,Success Korea 성남 분당구,,"유가 없으신 분 [우대조건] - 운영도구등의 개발이 가능한 분 ( Python, Perl, Java 등) - 개발자와의 원활한 커뮤니케이션 - 주도... 운영도구등의 개발이 가능한 분 ( Python, Perl, Java 등..."
https://kr.indeed.com/viewjob?jk=bcd2f0630e298aa3,클라우드 인프라 운영 담당자 모집,넷마블 서울 구로구,,GCP) - 오픈소스 구축 및 운영 경험 보유자 - 게임사/포탈 인프라 운영 - 글로벌 서비스 운영 경험 - Python/Bash shell 역량 - Linux/Windows OS 구조 공학적 이해 - 기술적인 문제점 파악...
https://kr.indeed.com/viewjob?jk=a90457066bb577a4,Cloud Support Eng. II (Lin),Amazon Web Services Korea LLC 서울,,"NoSQL(Redis, Memcached). · Programming/scripting in Python/Java/Shell/Perl/Ruby/PHP/etc. · Experience managing full..."
https://kr.indeed.com/viewjob?jk=f1464a165fb23ca5,[서울 본사] SW 개발 정규직,다스코포레이션 서울 구로구,"연봉 22,000,000원 - 30,000,000원","[직무내용] 주업무 1. 소프트웨어 개발 (java, python, C++, Android, C#, IOS, PHP, ASP 등) - 연구개발 과제 프로그램 개발 - 지역과제 프로그램 개발 [근무시간 및 형태] 주 5일 근무..."
https://kr.indeed.com/viewjob?jk=7db25ada717266e0,[Clova] Clova AI AiCall 개발자 경력사원,네이버 서울,,내부 도구 개발 [필요역량] - Python 혹은 비슷한 유형의 언어 개발... 데이터 전처리 자동화 및 MLOps [필요역량] - Kotlin / Python / Go 중 하나 이상 능숙하게 개발 가능하신 분 - 디자인 패턴...
https://kr.indeed.com/viewjob?jk=c4146edac244e5a5,Data Scientist,레이니스트 서울,,"기반 예측, 모델링 프로젝트 경험자 데이터 분석/모델링을 위한 언어 및 프레임워크 사용에 익숙하신 분 ( Python, R, SQL, Pandas, TensorFlow, Pytorch, Spark 등) 회사 내부 구성원들과..."
https://kr.indeed.com/viewjob?jk=adee8a508d3761a9,IT 스타트업 해시스크래퍼에서 개발자,해시스크래퍼 서울 마포구,,"양식 커리어 온라인 이력서 직무/산업 직무별(직종) 웹프로그래머웹프로그래머, JSP, JAVA, .NET, Python 시스템프로그래머시스템프로그래머 전자.제어.전기S/W개발 산업별(업종) 포털.컨텐츠.커뮤니티 컨텐츠, 포털"
https://kr.indeed.com/viewjob?jk=279336e3d16103b2,[수시] ZUM 데이터 엔지니어 (경력),이스트소프트 서울 서초구,,"의사결정 및 협업부서 업무 지원 *자격조건... 경력 : 2년 ~ 6년 - Java, Scala, Python, Shell 등에 대해 능숙하게 다룰 수 있는 언어 2개 이상 보유자 - 데이터베이스에 대한 이해 및..."
https://kr.indeed.com/viewjob?jk=5164238b12d010da,인공지능(AI) SW개발 담당 0명 자동화 산업장비 제조업,자동화 산업장비 제조업 대한민국,,"운용 3) C#, JavaScript, Python, UI 개발 4) Big Data 관련 개발 [우대사항] 1) 인공지능 기술 경험자 우대 2) C#, JavaScript, Python, UI 개발 경험자 3) Big..."
https://kr.indeed.com/viewjob?jk=7f8dfa642aec3d26,데이터프로덕트 서비스기획 경력직,우아한 형제들 서울 송파구,,"능력(windowing, left/right/cross join, CTE 등) ※ 별도 테스트 진행예정 - python, R 등을 활용한 간단한 데이터 활용능력 - 서버 혹은 클라이언트(웹/앱) 개발자 경력 - 고객향 서비스..."
https://kr.indeed.com/viewjob?jk=b5b718f91de3cd29,(Social & O2O) Frontend Web,에이치에너지 서울 강남구,,접수양식: 인크루트 이력서 기타 유의사항 입사지원서 및 제출서류에 허위사실이 있을 경우 채용이 취소될 수 있습니다. 인터넷·IT·통신·모바일·게임>웹프로그래머>프론트엔드|인터넷·IT·통신·모바일·게임>웹프로그래머> Python
https://kr.indeed.com/viewjob?jk=67ca30c143379281,Data Scientist III,Amazon Web Services Korea LLC 서울,,"development in languages like Java, Python, Scala. Experience working with RESTful... data processing with Python, R & SQL..."
https://kr.indeed.com/viewjob?jk=31be560f3d6a7963,SITE RELIABILITY ENGINEER,"ODK Media, Inc. 서울 강남구",,web service works both Frontend and Backend side. Especially in Python/Django. Contribution to Open Source projects Fluency...
https://kr.indeed.com/viewjob?jk=60dfe14d5c2972e7,"서버, 서버개발 외 경력 정규직",NZIA connect Inc. 인천 부평구,"연봉 40,000,000원 - 50,000,000원",Server 개발 경력 게임 서버 개발 경력 우대 각종 과금 서버 개발 경력 우대 C/C++/JAVA Python/Bash 외 Script Language [근무부서 및 직급/직책] 근무부서: 기술연구소 직급/직책: 파트장...
https://kr.indeed.com/viewjob?jk=2a4041f0b6aeb27b,"RF SW Engineer, Senior (Seoul)",Qualcomm CDMA Technologies (Korea) YH 서울,,programming skill in C/C++ - Visual C++ / Java / Python programming skill is plus - Strong experience in RF software...
https://kr.indeed.com/viewjob?jk=5a40c1062c719241,[(주)케이엠에듀] AI(인공지능) 개발자 및 빅데이터 분석 플랫폼 개발...,케이엠에듀 서울 금천구,,"우대사항 - python,java 등의 프로그래밍 언어 사용능력 -oracle, mySQL, Hadoop, Mongo DB등 Database 관련 업무경험 인터넷·IT·통신·모바일·게임>빅데이터·AI(인공지능)>빅데이터|인터넷..."
https://kr.indeed.com/viewjob?jk=a771637c0eeffc26,[Search] NAVER Search 이미지 검색서버개발 신입/경력사원,네이버 서울,,Linux 환경에서의 개발 - C/C++ 중급 이상의 개발자(팀 메인 개발 언어) - shell script/ python 개발 경험자 - 신입~5년차 [우대사항 ] - c++ 14 이상 feature 이해 및 사용자...
https://kr.indeed.com/viewjob?jk=b18fa310f705ed6d,[공통기술부문] 클라우드플랫폼 개발자,우아한 형제들 서울 송파구,,"개발 경험이 있으신 분 - Java, Kotlin, Javascript, Typescript, Golang, Python 중 1개 이상의 언어에 능숙하신 분 - 우아한형제들의 개발 문화에 동의하시는 분 1) 우리는 우아하기..."
https://kr.indeed.com/viewjob?jk=09c53aae27d4639b,[스타트업] 태스크마켓 (경력/신입),플레이미션 서울 강남구,,재무·회계·경리>경리>경리|인터넷·IT·통신·모바일·게임>웹프로그래머> Python|디자인>광고·CG·시각디자인>일러스트레이터|경영·인사·총무·사무>인사·채용·인재개발(HRM·HRD)>인사기획|경영·인사·총무·사무>인사·채용...
https://kr.indeed.com/viewjob?jk=d96ac4387f12d729,정보기획부 직원 모집,JT친애저축은행 서울 강남구,,"이해 [우대사항] - 관련학과 전공 또는 교육 이수자 - 분석관련 프로그램 활용 가능자 (SAS, Python, R 등) DBA [담당업무] - 은행 업무계/정보계 시스템 DB 운영 관리 - 모델링..."
https://kr.indeed.com/viewjob?jk=efd81084f3510f70,"PHP, Python 웹 개발 경력자 (경력10년이상, 광고플랫폼 개발)",피넛테크 서울 강남구,"연봉 40,000,000원 - 70,000,000원","타겟팅 광고솔루션 개발 ; 서버단 설계, 백앤드 개발 ; 개발팀 관리 운영 (개발팀장) 3. 필수 역량 ; Python Back-end 개발, Flask 개발, 운영 경험 ; PHP Back-end 개발, Laravel 개발..."
https://kr.indeed.com/viewjob?jk=6446755435027b92,"[국비무료] 빅데이터 활용한 예측분석, 머신러닝 전문가 교육과정",하이미디어컴퓨터학원 서울 종로구,,게임>웹프로그래머>JAVA|인터넷·IT·통신·모바일·게임>웹프로그래머> Python|인터넷·IT·통신·모바일·게임>네트워크·서버·보안>블록체인분석·설계... 게임>빅데이터·AI(인공지능)> Python|인터넷·IT·통신·모바일·게임...
https://kr.indeed.com/viewjob?jk=d6c05c588971df5a,백엔드 파운트 시스템 엔지니어 (현재 급여수준 이상 보장),파운트 서울 충정로역,,"경험 - Linux명령어 및shell스크립트 작성 능숙 우대사항 - Python, Java등을 이용한 프로그래밍 경험 네트워크및 서버에 대한 표준화... 립트 작성 능숙 우대사항 - Python, Java등을 이용한 프로그래..."
https://kr.indeed.com/viewjob?jk=e870bec21c9bfa7e,[스타트업] 공동구매 플랫폼 (경력/신입),플레이미션 서울 강남구,,입력|재무·회계·경리>경리>급여관리|재무·회계·경리>경리>결산|인터넷·IT·통신·모바일·게임>웹프로그래머> Python|인터넷·IT·통신·모바일·게임>웹프로그래머>프론트엔드|디자인>광고·CG·시각디자인>일러스트레이터|경영·인사...
https://kr.indeed.com/viewjob?jk=8d78af59f1e15778,[위촉연구원] KAIST 방사선및핵의공학연구센터 시간제 위촉연구원 모집...,카이스트 4.4 대전 유성구,,"설계를 위한 EDA tool 운영 및 회로 설계 가능자 - 딥러닝 / 머신러닝 등 인공지능 모델링 기술 , Python 등의 SW 을 이용한 인공지능 기반 프로그래밍 가능자 - 영어 능통자 - 관련 연구개발과제 수행 유경험자..."
https://kr.indeed.com/viewjob?jk=d621cbb75440764e,백엔드 개발자,뉴트리션코트 서울 강남구,,"개발 - 경력 1년 ~ 8년 - Python, Node.js, C#/ASP... 및 개발 <자격요건> - 초대졸 이상 - 경력 1년 ~ 8년 - Python, Node.js, C#/ASP.Net MVC, JAVA/Spring..."
https://kr.indeed.com/viewjob?jk=3df9dee441bb4e19,"IT Project Manager, E-Commerce",Procter & Gamble 4.2 서울,,system integrations Programming skills (e.g. C++/Java/ Python... ability to read and write SQL Business Analytics skills...
https://kr.indeed.com/viewjob?jk=03d443790c8005ed,[단비] 웹(Back-end/Front-end)개발자 !,단비코리아 서울 성동구,"연봉 40,000,000원 - 60,000,000원","팀장급 개발자를 모시고 있습니다. * 해당직무 1) node.js/ python/react.js/Typescript 개발 2) 서비스 구조 설계 및... 스펙(AWS, node.js, python, mongo db, mysql..."
https://kr.indeed.com/viewjob?jk=cdb73ed97e74098a,Senior Back-End Developer,Asiance 서울,,"deployment. • 배포는 주로 Docker 사용. • PHP, Python for backend development. • PHP, Python 등을 사용하여 백엔드 개발. • MySQL for structured..."
https://kr.indeed.com/viewjob?jk=6e47e26f4267ddec,Operations Manager (Technical Support),Amazon Web Services Korea LLC 서울,,Programming in one or more... following languages - Java/ Python/ Ruby/ .NET/ Android/ iOS · Must have excellent oral...
https://kr.indeed.com/viewjob?jk=b40d36ecab467879,RPA 관련 개발자 또는 운영자,용진시스템 서울 문정동,"연봉 25,000,000원","험자 (Automation Anywhere, Uipath, AutomateOne) : Java 개발 가능자 : Python 개발 가능자 : 자동화 툴 사용 프로젝트 유경험자 : Excel/Power Point 고급능력 보유자..."
https://kr.indeed.com/viewjob?jk=552512f2515ca8c6,(E&M부문) TVING 경력사원 [웹서비스 개발(Front end)],CJ ENM 서울 마포구,,통신·모바일·게임>웹프로그래머> Python|인터넷·IT·통신·모바일·게임... 응용프로그래머>JAVA|인터넷·IT·통신·모바일·게임>응용프로그래머> Python|인터넷·IT·통신·모바일·게임>HTML·퍼블리싱·UI개발>자바스크립트...
https://kr.indeed.com/viewjob?jk=8aeedb3a2dba74b6,Software Test Engineer for HANA Engine I...,SAP 4.3 서울,,"processes Knowledge of Git or other version control, Python, SQL Understanding of modern computer architecture, operating..."
https://kr.indeed.com/viewjob?jk=d7a956b1cfbdd014,Data Analyst - Machine Learning,PUBG 서울,,"서비스 개발을 위한 인게임 로그 분석 [지원 자격] - 하나 이상의 프로그래밍 언어를 능숙하게 사용: Python, Scala 등 - 통계/머신 러닝 기반의 데이터 분석 경험 - 분석 결과의 문서화 능력 보유 - 서비스..."
https://kr.indeed.com/viewjob?jk=3fa3834bb999829b,[경력] 지도 구축 솔루션 개발,현대엠엔소프트 서울 용산구,,모바일·게임>응용프로그래머>Linux|인터넷·IT·통신·모바일·게임>데이터베이스·DBA>SQL|인터넷·IT·통신·모바일·게임>빅데이터·AI(인공지능)> Python|인터넷·IT·통신·모바일·게임>통신·모바일>위성·GPS·GIS
https://kr.indeed.com/viewjob?jk=297e6568c740f98e,iOS Developer,Bepro Company 서울,"연봉 40,000,000원 - 80,000,000원",참고 - React JS (Web) / Kotlin (Android) / Swift (iOS) - Python + Django - AWS lambda + API gateway - MySQL - Google Cloud...
https://kr.indeed.com/viewjob?jk=9e1ab356c0d2de12,Datacenter Engineer (강원도 춘천 근무),Oracle 3.8 서울,,"Base Operating System Install • Some experience with Perl, Python, Bash or Java • Core OS Services: ssh, telnet, ftp, nfs..."
https://kr.indeed.com/viewjob?jk=e34322db2cdb972c,[공통기술부문] 클라우드 엔지니어 경력직,우아한 형제들 서울 송파구,,"하나 이상의 퍼블릭 클라우드 아키텍처 구성 및 운영 경험이 있으신 분 - Linux 명령 및 Shell, Python 등 스크립트 개발에 익숙하신 분 - Terraform, CloudFormation 등 IaC 구축 및 운영..."
https://kr.indeed.com/viewjob?jk=dcee817bbb81f872,"S/W 엔지니어, C·C++ 외 신입/경력 정규직",이투비비 서울 금천구,,"자격요건 담당업무 자격요건 인원 [담당업무] 프로그래밍 개발 (C++, Python...) [근무부서 및 직급/직책] 근무부서: 소프트웨어 개발 직급... 그래머>C·C++|인터넷·IT·통신·모바일·게임>응용프로그래머> Python"
https://kr.indeed.com/viewjob?jk=ac8d5ff1022fce65,Support Engineer _ Azure Security,Microsoft 4.2 서울,,"Linux script-based development environments and tools (PERL, Python, Ruby, PhP, etc.) o Programming language (C++/C#) Please..."
https://kr.indeed.com/viewjob?jk=49dd75de9366cf1d,Data Engineer,Calm Island 서울,,Node.js / Typescript / Javascript 경험 Python 경험 Memcached 경험 Ci / CD 파이프라인 경험 영어 커뮤니... Experience with Python Experience...
https://kr.indeed.com/viewjob?jk=cd612f9e676cb2a2,"대기업 경로탐색 교통정보 분석 (GIS, python, sql)",차량IT 전문 기업 (대기업) 서울,,"4년~12년 경력자 - 데이터 분석 경력 3년 이상 - 경로탐색 알고리즘 이해 [기술 스택] - 언어 : python, sql(spatial) - SW : 범용 GIS SW(Q-GIS 등) [우대역량 및 경험] - 교통정..."
https://kr.indeed.com/viewjob?jk=4950da9759506364,의료용 X-Ray 분석 AI 전문가,엔가든 대구 서구,"월급 3,500,000원","의료용 AI 솔루션 연구 [자격 요건 ] - 경력 2년 이상 보유 - OpenCV를 활용한 비젼 분석 가능 - Python 등 빅 데이터 분석 툴 활용 능력 - Tensorflow, Pytorch, Keras 등 Deep..."
https://kr.indeed.com/viewjob?jk=7578f48ae1fea9a0,웹개발자 경력 정규직,마인즈아이 서울 강남구,,"데이터 분석 프로젝트 경험자 R, Python, SQL 등 데이터 분석 및... 적재 구현된 파이프라인의 고도화와 모니터링 및 장애 복구 자격요건 Python, Scala를 활용한 데이터 파이프라인 구축 업무를 수행할 수 있는..."
https://kr.indeed.com/viewjob?jk=85749981b8b09cb2,20년 차량용 반도체/전장SW 전문가 경력 상시 [ADAS/자율주행개발],현대오트론 서울 강남구,,"율주행/커넥티비티 시스템 경험·지식 · 언어 활용능력(C/CV++, Python 등) 및 SW아키텍처 개발기술 · 영어 능통자 우대 서울 강남구 삼성... 그래머>C·C++|인터넷·IT·통신·모바일·게임>응용프로그래머> Python"
https://kr.indeed.com/viewjob?jk=2974a8f287becde6,Technical Customer Support Engineer (Kor...,Univa Corporation 서울,,"Shell scripting (bourne, bash, other unix shells) and Python. Experience in Perl and C/C++ would be a nice to have. Knowledge..."
https://kr.indeed.com/viewjob?jk=3b5381e88dd3d7e3,IT관련분야 훈련생,휴먼교육센터 서울,,통신·모바일·게임>빅데이터·AI(인공지능)>데이터분석|인터넷·IT·통신·모바일·게임>빅데이터·AI(인공지능)> Python|인터넷·IT·통신·모바일·게임>빅데이터·AI(인공지능)>머신러닝|인터넷·IT·통신·모바일·게임>빅데이터...
https://kr.indeed.com/viewjob?jk=61465bb3bb6f654d,TD (Pipeline Developer),Calm Island 서울,,"Shotgun, Slack과의 연동 툴 개발 자격 요건 애니메이션 제작 파이프라인 개발 경력 3년 이상 Python 프로그래밍 능력 Maya, Nuke, Shotgun 등의 애니메이션 제작 소프트웨어에 대한 이해 Qt..."
https://kr.indeed.com/viewjob?jk=8872f25fc87c6969,네이버웹툰(주) 툰레이더 연구 개발자(경력) (상시),네이버 서울,,"있는 분 - Python 기반의 Image Processing, Data Analysis, 웹 개발 기술을 보유하신 분 ​ 우대사항 - 문제 해결을 위한 머신러닝 기법을 잘 활용할 줄 아는 분 - Python을 모국어처럼 잘..."
https://kr.indeed.com/viewjob?jk=431c80cac460aa33,Back-end Software Engineer,Bear Robotics 서울,,"시스템 Back-end 시스템 개발 및 운영 로봇에서 수집되는 데이터 처리 및 프로세스 자동화 자격 조건 Python/Java 개발 경력 3년 이상 혹은 그에 준하는 실력을 갖추신 분 기본적인 개발능력 (알고리즘, 자료구조..."
https://kr.indeed.com/viewjob?jk=513eac573df04da8,[홈쇼핑모아] 핵심기능 개발팀 / 백엔드 엔지니어,버즈니 서울,,API 개발 홈쇼핑모아 서버 인프라 스트럭처 이런 분을 찾습니다 관련 업무 경력 최소 3년 이상 있으신 분 Python 및 기반 프레임워크 개발 경험이 있으신 분 Docker(Contatiner) 기반 시스템 환경 구축 경험...
https://kr.indeed.com/viewjob?jk=5123207a169f90eb,Software Developer - Front-End / Back-En...,AITRICS 서울,,"purpose programming languages including C++, Java, Javascript, Python. Eager to learn a new programming language and machine..."
https://kr.indeed.com/viewjob?jk=62bedb52fadedd74,협업도구 및 코드관리도구 운영담당자 (경력),카카오 4.2 성남 판교역,,"언어에 익숙하신 분 #선호 자격 docker, k8s 대한 이해와 활용 경험이 있으신 분 kotlin, python, Javascript(node.js) 중 하나 이상의 언어에 익숙하신 분 ※ 카카오 기술 직군의 경우..."
https://kr.indeed.com/viewjob?jk=2e471d0cf19be66c,Business Data Analyst 경력자 채용,Coupang 3.0 서울,,"조건 이커머스 또는 인터넷 서비스 업계 근무 경력을 보유하신 분 Python, R 등 기타 Programming language 사용 경력을 보유하... language (R, Python etc... automation..."
https://kr.indeed.com/viewjob?jk=2a7a7639f3d97978,플랫폼 관제운영 (계약직: 6개월),PUBG 서울,,"Windows 또는 Linux 환경에서 서버 운영 및 모니터링을 수행해 보신 분 - 하나 이상의 스크립트 언어( Python, Shell script, Powershell 등) 사용경험이 있으신 분 [우대 사항] - 협업을..."
https://kr.indeed.com/viewjob?jk=28b98f8d10adf480,"대기업 검증툴 (OpenGL, C++, Python) 개발",차량IT 전문 기업 (대기업) 서울,,"언어 : C/C++, Python - Tool : MSVC, Qt Creator [우대 역량 및 경험] - 내비게이션 또는 GIS관련 개발 업무 경험 - ADASIS 관련 업무 경험 - Python 개발 업무 경험 [근무..."
https://kr.indeed.com/viewjob?jk=6e76f9151e44ad64,[Search] 음악 추천 AI 기술 개발 신입/경력사원,네이버 서울,,"개발 (REST API/Kafka 스트림 처리 ) 분야에 대한 경험이 풍부하신 분 우대 · C, Java, Python, Scala 등 하나 이상의 언어에 능숙 하신 분 · 위 채용분야 관련 2 년 이상 실무 경험 또는 대학..."
https://kr.indeed.com/viewjob?jk=4c34c5ff03f0c0ce,Android 앱개발자,이퓨인터내셔널 서울 강남구,"연봉 30,000,000원 - 35,000,000원",앱스토어 출시 유경험자 Android의 경우 Kotlin 개발 경험자 Python 개발경험자 아이폰 (IOS) 개발역량 보유자 1 명 근무조건 고용형... 통신·모바일·게임>응용프로그래머> Python|인터넷·IT·통신·모바일·게임...
https://kr.indeed.com/viewjob?jk=427a98e8a89ee309,인공지능(AI)·빅데이터 부문 기획자·개발자,arasft 서울 강남구,"월급 2,000,000원 - 2,200,000원","개발자를 찾습니다. ㆍ다양한 분야 데이터를 통한 사업 기획 ㆍ데이터 분석 및 딥러닝 알고리즘 개발 보유경험 ㆍ Python, R, SQL 활용 가능신 분 ㆍ데이터 분석 및 통계학에 대한 지식을 보유하신 분 ㆍ딥러닝 라이브러리..."
https://kr.indeed.com/viewjob?jk=353430b5b76f40e8,빅데이터 설계자,오케스트로 서울 여의도역,"연봉 30,000,000원",무내용 -빅데이터 프레임워크를 활용한 데이터 분석과 서비스 환경 제공 -오픈스택에 대한 이해 -java/ python/ scala중 하나이상 능숙자 경력조건 경력 필요경력 2년 개월 자격면허 병역 마침 병역 특례 무관 외국...
https://kr.indeed.com/viewjob?jk=ee7e4f2e5d69f84c,DRE - Build Engineer,Success Korea 서울,,OO programming language · Experience with Python or related scripting language... Experience with Python or related...
https://kr.indeed.com/viewjob?jk=68875cf86f31569e,ERP 담당자 모집,넷마블 서울 구로구,,"기반 ERP Web Portal 시스템개발/운영 경력 3~9년 보유자 - Spring (혹은 .NET, Python 등) 프로그래밍 가능자 - 시스템 분석/설계 가능자 - 재무/회계 기본 지식 보유자 우대사항 - IT 프로젝..."
https://kr.indeed.com/viewjob?jk=297e6568c740f98e,iOS Developer,Bepro Company 서울,"연봉 40,000,000원 - 80,000,000원",참고 - React JS (Web) / Kotlin (Android) / Swift (iOS) - Python + Django - AWS lambda + API gateway - MySQL - Google Cloud...
https://kr.indeed.com/viewjob?jk=9ad46a78c31b7eaf,2017년도 제3차 계약직 연구원 공개채용 공고,대구경북과학기술원 대구 현풍면,,"연구 생체 신호 및 영상정보 획득 및 관리, 분석 우대 사항 Python 기반 객체지향 소프트웨어 개발 관련 연구 수행 경험자 생체신호... learning) 알고리즘 개발 Python/Tensorflow 프로그..."
https://kr.indeed.com/viewjob?jk=84348b9371558933,[Autonomous Driving] Software Tool Engin...,네이버 서울,,"팀원들과 협업 • 필요역량 ㅇ Python/C/C++ 언어 개발 용이 ㅇ... 다양한 전문 지식을 가진 팀원들과 협업 • 필요역량 ㅇ C/C++, Python 언어 개발 용이 ㅇ Annotation Drawing Tool 또는..."
https://kr.indeed.com/viewjob?jk=f8884a7f8067fd39,"Principal, Business Analyst (SCM Systems...",Coupang 3.0 서울,,"analysis experience One who has experience with SQL, Excel, Python, and R/SAS or any statistical package Preferred: One who..."
https://kr.indeed.com/viewjob?jk=a7c68eba65a950aa,지스트 블록체인경제센터 계약직연구원,광주과학기술원 광주 북구,,구직 1명 블록체인 개발 블록체인 경제 블록체인 하드포크 1) SW프로그래밍 제작 경험자 2) Python/C/Java/Go 프로그래밍 가능자 우대사항 ① 국가보훈대상자(취업보호대상자) 및 장애인은 관련 법령...
https://kr.indeed.com/viewjob?jk=257110e5aec08f6d,[Clova] Clova 머신러닝 Scientist 개발 신입/경력사원,네이버 서울,,"관련 전공 석 / 박사 학위 보유자 또는 관련 업계 경력 보유자 - Programming Skill · Python (Tensorflow, PyTorch 등의 오픈소스 프레임워크 기반 개발 역량 ) [우대사항 ] · ML..."
https://kr.indeed.com/viewjob?jk=99f838103536e067,[Search] 지식베이스 서비스 플랫폼 개발 신입/경력사원,네이버 서울,,"관련 기술 및 경험 ] - 다음 언어, 시스템, 플랫폼 사용 경험을 보유하신 분(3개 이상) * Java, Python, Spring, MySQL, MongoDB, Linux/Shell, Git, Neo4J, Elastic..."
https://kr.indeed.com/viewjob?jk=f0651a7717791bc3,AR App Engineer,하이퍼커넥트 서울,,"지신 분 스스로 문제를 정의하고 해결책을 제시할 수 있는 분 Java, Objective C(Swift), Python 등 다양한 언어 경험 OpenCV 활용 (Image Processing 이해) 채용형태/근무시간 정규..."
https://kr.indeed.com/viewjob?jk=76bc032e5720d4d2,AWS 데이터 센터 경력사원,아마존웹서비시즈코리아 서울,,"i.e. Bash, Python, PowerShell etc... node.js)/ iOS (Objective-C / Swift) / Python / Ruby / Go Customer service experience..."
https://kr.indeed.com/viewjob?jk=2456da01f59e88b0,Database Engineer,myrealtrip 서울,,"컴퓨터 공학 또는 관련 분야 학사 학위 소지자 [우대사항] 프로그래밍 및 스크립트 스킬 (bash, Python, Java, Go 선호) 다양한 종류의 데이터베이스 경험 (MySQL, PostgreSQL, Redshift..."
https://kr.indeed.com/viewjob?jk=856e5833cd79de15,RESTful API 서버 개발 및 API서버 DB설계,2년차 중소기업으로서 20명 규모 / 금융공학을 기반으로 하는 빅데이터 및 인공지능 핀테크... 서울 목동,,직책 : 팀원 • 담당업무 - RESTful API 서버 개발 - API서버 DB설계 • 요구조건 - python 5년 이상 - 백엔드 API 개발 5년이상 - Server Application 개발 가능 - Flask...
https://kr.indeed.com/viewjob?jk=f11a5d61d33c2335,PHP 개발자 (신입/경력 정규직),파인드컴 수원 팔달구,"연봉 35,000,000원 - 40,000,000원","JQuery, React, JNode등 git 활용버전관리 - 머신러닝, 검색솔루션등 유경험자 대우 - Python 데이터수집처리등 알고리즘 유경험자 대우 [근무부서 및 직급/직책] 근무부서: 개발팀 직급/직책: 파트장..."
https://kr.indeed.com/viewjob?jk=613223ed43a69d4f,DB 엔지니어 모집(DBA),넷마블 서울 구로구,,"및 튜닝 경력 3년 이상 보유자 - OS(Windows, Linux) 에 대한 기본 지식 보유자 - 쉘, Python 스크립트 개발 가능자 - 협업 및 커뮤니케이션이 원활하진 분 우대사항 - 온라인 게임 데이터베이스 운영..."
https://kr.indeed.com/viewjob?jk=ca46d5dccd5e9d73,Video Analytics(VA) Software Developer,Success Korea 서울,,"programming skills using C++, Java, C#, Python, SQL... Matlab -Excellent... C++, Java, C#, Python, SQL... Matlab..."
https://kr.indeed.com/viewjob?jk=f044d9361c664f80,Technical Trainer - Amazon Web Services,Amazon Web Services Korea LLC 서울,,"more... following languages, Java, .Net, Perl, PHP, Ruby, Python... R. · Use Deep Learning frameworks like MXNet..."
https://kr.indeed.com/viewjob?jk=c62d380a1585df66,데이터 엔지니어 (3년 이상),우아한 형제들 서울 송파구,,Hadoop/Spark 기반의 빅데이터 인프라 구축 및 ETL 개발 경험(3년 이상) - Scala/Java/ Python 중 1개 이상의 언어 숙련자 - SQL 숙련자(MySQL/SparkSQL) - 1개 이상의 데이터 엔지...
https://kr.indeed.com/viewjob?jk=e377b9bfe5263086,[Backend] 경력 개발자 공개,십일번가 서울 중구,,"병행 2. 활용기술 [서버 개발] - Spring Boot 2.x, Spring Cloud, Reactor, Python, Node.js - Oracle, MongoDB, MySQL, Kafka, Redis, Spring..."
https://kr.indeed.com/viewjob?jk=48ab3226e83d9f51,[Mobile] 데이터 개발 (인프라),PUBG 서울,,"개발 경험 3년 이상 - Workflow 관리도구(Airflow, Luigi, Talend등) 경험 - Python/Scala 를 이용한 데이터 처리 능력 - AWS 클라우드 인프라 사용 경험(EC2, RDB, EMR 등..."
https://kr.indeed.com/viewjob?jk=5bdf968fa6fc2f72,[경력] 음성인식 엔진 개발,현대엠엔소프트 서울 용산구,,Linux - 개발언어 : C/C++ 또는 Java [우대 역량] - Python 개발 가능 - 음성인식 개발 경험 보유 - 머신러닝 관련 이해/경험... 게임>빅데이터·AI(인공지능)> Python|인터넷·IT·통신·모바일·게임...
https://kr.indeed.com/viewjob?jk=297e6568c740f98e,iOS Developer,Bepro Company 서울,"연봉 40,000,000원 - 80,000,000원",참고 - React JS (Web) / Kotlin (Android) / Swift (iOS) - Python + Django - AWS lambda + API gateway - MySQL - Google Cloud...
